Observer,Site,Genus,Size,Bleached,Dead,Transect,TransectLength
KS,LTER_Exp,Pocillopora,15,0,0,0,10
KS,LTER_Exp,Pocillopora,30,0,0,0,10
KS,LTER_Exp,Pocillopora,25,0,100,0,10
KS,LTER_Exp,Pocillopora,15,0,0,0,10
KS,LTER_Exp,Pocillopora,25,0,0,0,10
KS,LTER_Exp,Pocillopora,25,0,0,0,10
KS,LTER_Exp,Pocillopora,13,0,0,0,10
KS,LTER_Exp,Pocillopora,30,0,100,0,10
KS,LTER_Exp,Pocillopora,10,0,0,0,10
KS,LTER_Exp,Pocillopora,7,0,0,0,10
KS,LTER_Exp,Pocillopora,10,50,0,0,10
KS,LTER_Exp,Pocillopora,20,0,0,0,10
KS,LTER_Exp,Pocillopora,12,0,0,0,10
KS,LTER_Exp,Pocillopora,10,0,0,0,10
KS,LTER_Exp,Pocillopora,16,0,0,0,10
KS,LTER_Exp,Acropora,6,10,0,0,10
KS,LTER_Exp,Pocillopora,18,0,0,0,10
KS,LTER_Exp,Pocillopora,16,0,0,0,10
KS,LTER_Exp,Pocillopora,7,0,0,0,10
KS,LTER_Exp,Pocillopora,20,0,0,0,10
KS,LTER_Exp,Pocillopora,14,0,0,0,10
KS,LTER_Exp,Pocillopora,9,0,0,0,10
KS,LTER_Exp,Pocillopora,13,0,10,0,10
KS,LTER_Exp,Pocillopora,30,0,0,0,10
KS,LTER_Exp,Pocillopora,23,0,0,0,10
KS,LTER_Exp,Pocillopora,31,0,0,0,10
KS,LTER_Exp,Pocillopora,10,0,0,0,10
KS,LTER_Exp,Pocillopora,12,0,100,0,10
KS,LTER_Exp,Pocillopora,28,0,100,0,10
KS,LTER_Exp,Pocillopora,17,0,100,0,10
KS,LTER_Exp,Pocillopora,15,0,0,0,10
KS,LTER_Exp,Pocillopora,38,0,100,0,10
KS,LTER_Exp,Pocillopora,16,0,0,0,10
KS,LTER_Exp,Pocillopora,27,0,0,0,10
KS,LTER_Exp,Pocillopora,47,0,100,0,10
KS,LTER_Exp,Pocillopora,11,0,0,0,10
KS,LTER_Exp,Pocillopora,13,0,10,0,10
KS,LTER_Exp,Pocillopora,20,0,5,0,10
KS,LTER_Exp,Acropora,7,0,100,0,10
KS,LTER_Exp,Pocillopora,18,0,0,0,10
KS,LTER_Exp,Pocillopora,12,0,0,0,10
KS,LTER_Exp,Pocillopora,13,0,0,0,10
KS,LTER_Exp,Pocillopora,23,0,0,0,10
KS,LTER_Exp,Acropora,16,0,100,0,10
KS,LTER_Exp,Pocillopora,18,0,0,0,10
KS,LTER_Exp,Pocillopora,24,0,0,0,10
KS,LTER_Exp,Pocillopora,15,0,0,0,10
KS,LTER_Exp,Pocillopora,22,0,0,0,10
KS,LTER_Exp,Pocillopora,12,0,0,0,10
KS,LTER_Exp,Acropora,18,0,0,0,10
KS,LTER_Exp,Acropora,8,0,100,0,10
KS,LTER_Exp,Pocillopora,15,0,5,0,10
KS,LTER_Exp,Pocillopora,15,0,0,0,10
KS,LTER_Exp,Pocillopora,26,0,0,0,10
KS,LTER_Exp,Pocillopora,24,0,0,0,10
KS,LTER_Exp,Pocillopora,30,0,100,0,10
KS,LTER_Exp,Pocillopora,7,0,0,0,10
KS,LTER_Exp,Pocillopora,24,0,100,0,10
KS,LTER_Exp,Pocillopora,52,0,20,0,10
KS,LTER_Exp,Acropora,19,50,0,0,10
KS,LTER_Exp,Pocillopora,24,0,0,0,10
KS,LTER_Exp,Pocillopora,35,25,25,0,10
KS,LTER_Exp,Pocillopora,23,0,5,0,10
KS,LTER_Exp,Pocillopora,48,40,1,0,10
KS,LTER_Exp,Pocillopora,16,0,0,0,10
KS,LTER_Exp,Pocillopora,18,0,0,0,10
KS,LTER_Exp,Pocillopora,22,0,0,0,10
KS,LTER_Exp,Pocillopora,36,0,100,0,10
KS,LTER_Exp,Pocillopora,25,0,100,0,10
KS,LTER_Exp,Pocillopora,18,0,100,0,10
KS,LTER_Exp,Pocillopora,23,0,0,0,10
KS,LTER_Exp,Pocillopora,18,0,0,0,10
KS,LTER_Exp,Acropora,10,0,0,0,10
KS,LTER_Exp,Pocillopora,29,0,100,0,10
KS,LTER_Exp,Pocillopora,17,0,0,0,10
KS,LTER_Exp,Pocillopora,17,0,0,0,10
KS,LTER_Exp,Pocillopora,11,0,0,0,10
KS,LTER_Exp,Pocillopora,39,0,95,0,10
KS,LTER_Exp,Pocillopora,10,0,100,0,10
KS,LTER_Exp,Pocillopora,12,0,0,0,10
KS,LTER_Exp,Pocillopora,13,0,10,0,10
KS,LTER_Exp,Pocillopora,27,0,0,0,10
KS,LTER_Exp,Pocillopora,25,0,100,0,10
KS,LTER_Exp,Pocillopora,15,0,0,0,10
KS,LTER_Exp,Pocillopora,35,0,70,0,10
KS,LTER_Exp,Pocillopora,45,0,100,0,10
KS,LTER_Exp,Acropora,10,0,100,0,10
KS,LTER_Exp,Pocillopora,15,0,0,0,10
KS,LTER_Exp,Pocillopora,32,30,0,0,10
KS,LTER_Exp,Pocillopora,41,0,100,0,10
KS,LTER_Exp,Acropora,15,0,100,0,10
KS,LTER_Exp,Pocillopora,20,0,100,0,10
KS,LTER_Exp,Pocillopora,9,0,90,0,10
KS,LTER_Exp,Pocillopora,38,0,100,0,10
KS,LTER_Exp,Pocillopora,21,0,100,0,10
KS,LTER_Exp,Pocillopora,14,0,100,0,10
KS,LTER_Exp,Pocillopora,23,0,100,0,10
KS,LTER_Exp,Pocillopora,24,0,100,0,10
KS,LTER_Exp,Pocillopora,18,0,0,0,10
KS,LTER_Exp,Pocillopora,15,0,100,0,10
KS,LTER_Exp,Acropora,25,0,40,0,10
KS,LTER_Exp,Pocillopora,18,0,3,0,10
KS,LTER_Exp,Pocillopora,26,0,100,0,10
KS,LTER_Exp,Pocillopora,14,0,0,0,10
KS,LTER_Exp,Pocillopora,10,0,0,0,10
KS,LTER_Exp,Pocillopora,38,0,95,0,10
KS,LTER_Exp,Pocillopora,19,0,50,0,10
KS,LTER_Exp,Pocillopora,18,0,0,0,10
KS,LTER_Exp,Pocillopora,23,0,100,0,10
KS,LTER_Exp,Pocillopora,19,0,100,0,10
KS,LTER_Exp,Pocillopora,14,0,0,0,10
KS,LTER_Exp,Acropora,20,0,10,0,10
KS,LTER_Exp,Pocillopora,16,0,0,0,10
KS,LTER_Exp,Pocillopora,33,0,100,0,10
KS,LTER_Exp,Pocillopora,42,0,100,0,10
KS,LTER_Exp,Pocillopora,33,0,100,0,10
KS,LTER_Exp,Pocillopora,18,0,0,0,10
KS,LTER_Exp,Pocillopora,20,0,10,0,10
KS,LTER_Exp,Pocillopora,37,0,100,0,10
KS,LTER_Exp,Acropora,25,0,5,0,10
KS,LTER_Exp,Pocillopora,25,0,0,0,10
KS,LTER_Exp,Pocillopora,9,0,0,0,10
KS,LTER_Exp,Pocillopora,21,0,0,0,10
KS,LTER_Exp,Pocillopora,51,0,100,0,10
KS,LTER_Exp,Pocillopora,15,0,0,0,10
KS,LTER_Exp,Pocillopora,26,0,0,0,10
KS,LTER_Exp,Pocillopora,30,0,95,0,10
KS,LTER_Exp,Pocillopora,30,0,0,0,10
KS,LTER_Exp,Pocillopora,15,0,50,0,10
KS,LTER_Exp,Acropora,21,0,0,0,10
KS,LTER_Exp,Pocillopora,24,0,100,0,10
KS,LTER_Exp,Pocillopora,18,0,0,0,10
KS,LTER_Exp,Pocillopora,38,0,100,0,10
KS,LTER_Exp,Pocillopora,17,0,10,0,10
KS,LTER_Exp,Pocillopora,8,0,0,0,10
KS,LTER_Exp,Pocillopora,14,0,0,0,10
KS,LTER_Exp,Pocillopora,7,0,0,0,10
KS,LTER_Exp,Pocillopora,13,0,0,0,10
KS,LTER_Exp,Pocillopora,14,0,0,0,10
KS,LTER_Exp,Pocillopora,27,0,10,0,10
KS,LTER_Exp,Pocillopora,13,0,0,0,10
KS,LTER_Exp,Pocillopora,16,0,0,0,10
KS,LTER_Exp,Pocillopora,6,0,0,0,10
KS,LTER_Exp,Pocillopora,16,0,0,0,10
KS,LTER_Exp,Pocillopora,6,0,0,0,10
KS,LTER_Exp,Pocillopora,16,0,0,0,10
KS,LTER_Exp,Pocillopora,15,0,0,0,10
KS,LTER_Exp,Pocillopora,13,0,0,0,10
KS,LTER_Exp,Pocillopora,7,0,0,0,10
KS,LTER_Exp,Pocillopora,20,0,0,0,10
KS,LTER_Exp,Pocillopora,20,0,0,0,10
KS,LTER_Exp,Acropora,23,0,100,0,10
KS,LTER_Exp,Acropora,16,0,100,0,10
KS,LTER_Exp,Pocillopora,14,0,0,0,10
KS,LTER_Exp,Pocillopora,14,0,10,0,10
KS,LTER_Exp,Pocillopora,15,0,0,0,10
KS,LTER_Exp,Pocillopora,22,0,100,0,10
KS,LTER_Exp,Pocillopora,17,0,0,0,10
KS,LTER_Exp,Pocillopora,47,0,70,0,10
KS,LTER_Exp,Pocillopora,20,20,5,0,10
KS,LTER_Exp,Pocillopora,30,0,100,0,10
KS,LTER_Exp,Pocillopora,25,0,0,0,10
KS,LTER_Exp,Pocillopora,16,0,0,0,10
KS,LTER_Exp,Pocillopora,21,0,100,0,10
KS,LTER_Exp,Pocillopora,24,0,100,0,10
KS,LTER_Exp,Pocillopora,17,0,0,0,10
KS,LTER_Exp,Pocillopora,30,0,20,0,10
KS,LTER_Exp,Pocillopora,52,0,50,1,20
KS,LTER_Exp,Pocillopora,43,0,100,1,20
KS,LTER_Exp,Pocillopora,35,0,100,1,20
KS,LTER_Exp,Pocillopora,10,0,0,1,20
KS,LTER_Exp,Pocillopora,27,0,0,1,20
KS,LTER_Exp,Pocillopora,15,0,60,1,20
KS,LTER_Exp,Pocillopora,24,0,0,1,20
KS,LTER_Exp,Pocillopora,19,0,0,1,20
KS,LTER_Exp,Pocillopora,13,0,100,1,20
KS,LTER_Exp,Pocillopora,40,0,100,1,20
KS,LTER_Exp,Pocillopora,17,0,0,1,20
KS,LTER_Exp,Pocillopora,24,0,0,1,20
KS,LTER_Exp,Pocillopora,23,0,100,1,20
KS,LTER_Exp,Acropora,22,0,100,1,20
KS,LTER_Exp,Pocillopora,10,0,0,1,20
KS,LTER_Exp,Pocillopora,14,0,0,1,20
KS,LTER_Exp,Acropora,14,60,0,1,20
KS,LTER_Exp,Pocillopora,14,30,0,1,20
KS,LTER_Exp,Pocillopora,9,0,0,1,20
KS,LTER_Exp,Pocillopora,37,0,100,1,20
KS,LTER_Exp,Pocillopora,25,0,100,1,20
KS,LTER_Exp,Pocillopora,16,0,0,1,20
KS,LTER_Exp,Pocillopora,15,0,0,1,20
KS,LTER_Exp,Pocillopora,28,0,0,1,20
KS,LTER_Exp,Pocillopora,30,0,70,1,20
KS,LTER_Exp,Pocillopora,33,0,100,1,20
KS,LTER_Exp,Pocillopora,30,20,65,1,20
KS,LTER_Exp,Acropora,20,0,100,1,20
KS,LTER_Exp,Pocillopora,35,0,100,1,20
KS,LTER_Exp,Pocillopora,29,0,0,1,20
KS,LTER_Exp,Pocillopora,30,0,100,1,20
KS,LTER_Exp,Acropora,27,0,0,1,20
KS,LTER_Exp,Pocillopora,15,0,0,1,20
KS,LTER_Exp,Pocillopora,32,0,0,1,20
KS,LTER_Exp,Pocillopora,22,0,0,1,20
KS,LTER_Exp,Acropora,28,0,0,1,20
KS,LTER_Exp,Pocillopora,29,0,0,1,20
KS,LTER_Exp,Pocillopora,33,0,100,1,20
KS,LTER_Exp,Pocillopora,45,0,100,1,20
KS,LTER_Exp,Pocillopora,16,0,0,1,20
KS,LTER_Exp,Pocillopora,10,0,0,1,20
KS,LTER_Exp,Acropora,28,0,0,1,20
KS,LTER_Exp,Pocillopora,21,0,0,1,20
KS,LTER_Exp,Acropora,19,0,100,1,20
KS,LTER_Exp,Pocillopora,39,0,100,1,20
KS,LTER_Exp,Pocillopora,28,0,100,1,20
KS,LTER_Exp,Pocillopora,16,0,0,1,20
KS,LTER_Exp,Acropora,27,30,0,1,20
KS,LTER_Exp,Pocillopora,25,0,0,1,20
KS,LTER_Exp,Pocillopora,31,0,75,1,20
KS,LTER_Exp,Pocillopora,22,0,0,1,20
KS,LTER_Exp,Acropora,26,0,100,1,20
KS,LTER_Exp,Pocillopora,10,0,0,1,20
KS,LTER_Exp,Pocillopora,13,0,0,1,20
KS,LTER_Exp,Pocillopora,15,0,0,1,20
KS,LTER_Exp,Pocillopora,15,0,0,1,20
KS,LTER_Exp,Pocillopora,23,0,100,1,20
KS,LTER_Exp,Pocillopora,27,0,100,1,20
KS,LTER_Exp,Pocillopora,20,0,100,1,20
KS,LTER_Exp,Pocillopora,43,10,0,1,20
KS,LTER_Exp,Pocillopora,29,0,0,1,20
KS,LTER_Exp,Pocillopora,20,0,0,1,20
KS,LTER_Exp,Pocillopora,22,0,0,1,20
KS,LTER_Exp,Pocillopora,17,0,0,1,20
KS,LTER_Exp,Pocillopora,18,0,0,1,20
KS,LTER_Exp,Pocillopora,38,0,50,1,20
KS,LTER_Exp,Pocillopora,7,0,0,1,20
KS,LTER_Exp,Acropora,23,0,0,1,20
KS,LTER_Exp,Pocillopora,29,0,0,1,20
KS,LTER_Exp,Pocillopora,37,0,100,1,20
KS,LTER_Exp,Pocillopora,30,0,0,1,20
KS,LTER_Exp,Pocillopora,17,0,100,1,20
KS,LTER_Exp,Pocillopora,45,0,75,1,20
KS,LTER_Exp,Pocillopora,40,0,0,1,20
KS,LTER_Exp,Pocillopora,20,0,0,1,20
KS,LTER_Exp,Pocillopora,15,0,0,1,20
KS,LTER_Exp,Pocillopora,30,0,55,1,20
KS,LTER_Exp,Pocillopora,37,0,100,1,20
KS,LTER_Exp,Pocillopora,18,0,0,1,20
KS,LTER_Exp,Pocillopora,14,0,0,1,20
KS,LTER_Exp,Acropora,25,0,0,1,20
KS,LTER_Exp,Pocillopora,15,0,0,1,20
KS,LTER_Exp,Pocillopora,39,0,100,1,20
KS,LTER_Exp,Acropora,25,0,0,1,20
KS,LTER_Exp,Pocillopora,39,0,30,1,20
KS,LTER_Exp,Pocillopora,23,0,0,1,20
KS,LTER_Exp,Pocillopora,22,0,100,1,20
KS,LTER_Exp,Pocillopora,18,0,100,1,20
KS,LTER_Exp,Acropora,27,0,0,1,20
KS,LTER_Exp,Pocillopora,37,0,100,1,20
KS,LTER_Exp,Pocillopora,37,0,100,1,20
KS,LTER_Exp,Pocillopora,42,0,100,1,20
KS,LTER_Exp,Pocillopora,19,0,20,1,20
KS,LTER_Exp,Pocillopora,20,0,0,1,20
KS,LTER_Exp,Pocillopora,20,0,100,1,20
KS,LTER_Exp,Acropora,14,30,50,1,20
KS,LTER_Exp,Pocillopora,32,0,0,1,20
KS,LTER_Exp,Pocillopora,37,0,100,1,20
KS,LTER_Exp,Pocillopora,15,0,0,1,20
KS,LTER_Exp,Acropora,37,20,70,1,20
KS,LTER_Exp,Pocillopora,53,0,95,1,20
KS,LTER_Exp,Pocillopora,50,0,100,1,20
KS,LTER_Exp,Pocillopora,16,0,0,1,20
KS,LTER_Exp,Pocillopora,17,0,0,1,20
KS,LTER_Exp,Acropora,18,70,0,1,20
KS,LTER_Exp,Pocillopora,42,0,100,1,20
KS,LTER_Exp,Pocillopora,20,0,0,1,20
KS,LTER_Exp,Pocillopora,20,0,0,1,20
KS,LTER_Exp,Pocillopora,16,0,30,1,20
KS,LTER_Exp,Pocillopora,17,0,20,1,20
KS,LTER_Exp,Pocillopora,18,0,0,1,20
KS,LTER_Exp,Pocillopora,54,0,100,1,20
KS,LTER_Exp,Pocillopora,15,0,0,1,20
KS,LTER_Exp,Pocillopora,39,0,100,1,20
KS,LTER_Exp,Pocillopora,19,0,0,1,20
KS,LTER_Exp,Pocillopora,23,0,0,1,20
KS,LTER_Exp,Pocillopora,11,0,0,1,20
KS,LTER_Exp,Pocillopora,29,0,0,1,20
KS,LTER_Exp,Pocillopora,13,0,0,1,20
KS,LTER_Exp,Pocillopora,16,0,0,1,20
KS,LTER_Exp,Pocillopora,34,0,100,1,20
KS,LTER_Exp,Pocillopora,41,0,100,1,20
KS,LTER_Exp,Pocillopora,30,0,100,1,20
KS,LTER_Exp,Pocillopora,14,0,0,1,20
KS,LTER_Exp,Pocillopora,12,0,0,1,20
KS,LTER_Exp,Pocillopora,33,20,60,1,20
KS,LTER_Exp,Pocillopora,40,0,100,1,20
KS,LTER_Exp,Pocillopora,16,0,0,1,20
KS,LTER_Exp,Pocillopora,15,0,0,1,20
KS,LTER_Exp,Pocillopora,17,0,0,1,20
KS,LTER_Exp,Pocillopora,19,0,0,1,20
KS,LTER_Exp,Pocillopora,24,0,0,1,20
KS,LTER_Exp,Pocillopora,43,0,0,1,20
KS,LTER_Exp,Pocillopora,19,0,0,1,20
KS,LTER_Exp,Acropora,28,0,100,1,20
KS,LTER_Exp,Pocillopora,23,0,0,1,20
KS,LTER_Exp,Pocillopora,23,50,20,1,20
KS,LTER_Exp,Pocillopora,48,0,85,1,20
KS,LTER_Exp,Pocillopora,22,0,0,1,20
KS,LTER_Exp,Pocillopora,11,0,0,1,20
KS,LTER_Exp,Pocillopora,22,0,0,1,20
KS,LTER_Exp,Pocillopora,17,0,0,1,20
KS,LTER_Exp,Pocillopora,14,0,0,1,20
KS,LTER_Exp,Pocillopora,26,0,0,1,20
KS,LTER_Exp,Pocillopora,24,0,100,1,20
KS,LTER_Exp,Pocillopora,15,10,0,1,20
KS,LTER_Exp,Pocillopora,24,10,0,1,20
KS,LTER_Exp,Pocillopora,37,0,100,1,20
KS,LTER_Exp,Acropora,17,0,0,1,20
KS,LTER_Exp,Pocillopora,14,0,0,1,20
KS,LTER_Exp,Pocillopora,22,0,0,1,20
KS,LTER_Exp,Pocillopora,18,0,0,1,20
KS,LTER_Exp,Pocillopora,33,0,100,1,20
KS,LTER_Exp,Pocillopora,35,0,100,1,20
KS,LTER_Exp,Pocillopora,28,0,0,1,20
KS,LTER_Exp,Pocillopora,45,30,10,1,20
KS,LTER_Exp,Pocillopora,13,0,0,1,20
KS,LTER_Exp,Pocillopora,23,0,0,1,20
KS,LTER_Exp,Pocillopora,18,0,0,1,20
KS,LTER_Exp,Acropora,29,0,100,1,20
KS,LTER_Exp,Pocillopora,26,0,0,1,20
KS,LTER_Exp,Pocillopora,14,0,0,1,20
KS,LTER_Exp,Pocillopora,27,0,100,1,20
KS,LTER_Exp,Pocillopora,16,0,0,1,20
KS,LTER_Exp,Pocillopora,24,0,100,1,20
KS,LTER_Exp,Pocillopora,14,0,0,1,20
KS,LTER_Exp,Pocillopora,21,0,0,1,20
KS,LTER_Exp,Acropora,25,50,40,1,20
KS,LTER_Exp,Pocillopora,26,0,100,1,20
KS,LTER_Exp,Pocillopora,38,0,75,1,20
KS,LTER_Exp,Pocillopora,35,0,100,1,20
KS,LTER_Exp,Pocillopora,17,0,0,1,20
KS,LTER_Exp,Pocillopora,25,0,100,1,20
KS,LTER_Exp,Pocillopora,41,0,100,1,20
KS,LTER_Exp,Pocillopora,25,0,95,1,20
KS,LTER_Exp,Pocillopora,29,0,100,1,20
KS,LTER_Exp,Pocillopora,16,0,0,1,20
KS,LTER_Exp,Pocillopora,40,0,0,1,20
KS,LTER_Exp,Pocillopora,17,0,0,1,20
KS,LTER_Exp,Acropora,14,0,0,1,20
KS,LTER_Exp,Pocillopora,38,0,80,1,20
KS,LTER_Exp,Pocillopora,40,0,80,1,20
KS,LTER_Exp,Pocillopora,17,0,0,1,20
KS,LTER_Exp,Pocillopora,22,0,0,1,20
KS,LTER_Exp,Pocillopora,21,0,0,1,20
KS,LTER_Exp,Pocillopora,30,0,85,1,20
KS,LTER_Exp,Pocillopora,47,0,100,1,20
KS,LTER_Exp,Pocillopora,9,0,0,1,20
KS,LTER_Exp,Pocillopora,17,0,0,1,20
KS,LTER_Exp,Pocillopora,23,0,0,1,20
KS,LTER_Exp,Pocillopora,34,20,20,1,20
KS,LTER_Exp,Pocillopora,24,0,0,1,20
KS,LTER_Exp,Pocillopora,35,0,100,1,20
KS,LTER_Exp,Pocillopora,42,0,85,1,20
KS,LTER_Exp,Pocillopora,45,0,100,1,20
KS,LTER_Exp,Pocillopora,20,0,0,1,20
KS,LTER_Exp,Pocillopora,18,0,0,1,20
KS,LTER_Exp,Pocillopora,23,0,0,1,20
KS,LTER_Exp,Pocillopora,32,0,0,1,20
KS,LTER_Exp,Pocillopora,34,0,100,1,20
KS,LTER_Exp,Acropora,47,0,100,1,20
KS,LTER_Exp,Pocillopora,22,0,0,1,20
KS,LTER_Exp,Pocillopora,26,0,0,1,20
KS,LTER_Exp,Pocillopora,48,0,80,1,20
KS,LTER_Exp,Pocillopora,32,0,100,1,20
KS,LTER_Exp,Pocillopora,23,0,100,1,20
KS,LTER_Exp,Pocillopora,23,0,0,1,20
KS,LTER_Exp,Pocillopora,27,20,10,1,20
KS,LTER_Exp,Pocillopora,41,0,100,1,20
KS,LTER_Exp,Pocillopora,50,0,100,1,20
KS,LTER_Exp,Pocillopora,15,0,100,1,20
KS,LTER_Exp,Pocillopora,34,0,100,1,20
KS,LTER_Exp,Pocillopora,15,0,0,1,20
KS,LTER_Exp,Pocillopora,25,0,0,1,20
KS,LTER_Exp,Pocillopora,24,0,0,1,20
KS,LTER_Exp,Pocillopora,36,10,80,1,20
KS,LTER_Exp,Pocillopora,36,0,70,1,20
KS,LTER_Exp,Pocillopora,55,0,100,1,20
KS,LTER_Exp,Pocillopora,50,0,100,1,20
KS,LTER_Exp,Pocillopora,20,0,100,1,20
KS,LTER_Exp,Pocillopora,35,0,100,1,20
KS,LTER_Exp,Pocillopora,34,0,100,1,20
KS,LTER_Exp,Pocillopora,20,0,0,1,20
KS,LTER_Exp,Pocillopora,24,0,0,1,20
KS,LTER_Exp,Pocillopora,34,0,100,1,20
KS,LTER_Exp,Pocillopora,30,0,100,1,20
KS,LTER_Exp,Pocillopora,20,0,0,1,20
KS,LTER_Exp,Pocillopora,25,0,0,1,20
KS,LTER_Exp,Pocillopora,16,0,0,1,20
KS,LTER_Exp,Pocillopora,16,0,100,1,20
KS,LTER_Exp,Pocillopora,19,0,0,1,20
KS,LTER_Exp,Pocillopora,17,0,0,1,20
KS,LTER_Exp,Pocillopora,24,0,0,1,20
KS,LTER_Exp,Pocillopora,30,10,70,1,20
KS,LTER_Exp,Pocillopora,30,0,100,1,20
KS,LTER_Exp,Pocillopora,15,0,0,1,20
KS,LTER_Exp,Pocillopora,12,0,0,1,20
KS,LTER_Exp,Pocillopora,21,0,0,1,20
KS,LTER_Exp,Pocillopora,22,0,0,1,20
KS,LTER_Exp,Pocillopora,22,0,0,1,20
KS,LTER_Exp,Pocillopora,47,40,0,1,20
KS,LTER_Exp,Pocillopora,38,0,100,1,20
KS,LTER_Exp,Pocillopora,30,0,0,1,20
KS,LTER_Exp,Pocillopora,50,25,65,1,20
KS,LTER_Exp,Pocillopora,53,20,50,1,20
KS,LTER_Exp,Pocillopora,15,0,100,1,20
KS,LTER_Exp,Pocillopora,33,0,5,1,20
KS,LTER_Exp,Pocillopora,30,0,100,1,20
KS,LTER_Exp,Pocillopora,42,0,0,1,20
KS,LTER_Exp,Pocillopora,26,0,100,1,20
KS,LTER_Exp,Pocillopora,27,0,10,1,20
KS,LTER_Exp,Pocillopora,23,0,0,1,20
KS,LTER_Exp,Pocillopora,34,0,100,1,20
KS,LTER_Exp,Pocillopora,25,0,10,1,20
KS,LTER_Exp,Pocillopora,22,0,100,1,20
KS,LTER_Exp,Pocillopora,46,0,100,1,20
KS,LTER_Exp,Pocillopora,33,0,100,1,20
KS,LTER_Exp,Pocillopora,10,0,0,1,20
KS,LTER_Exp,Pocillopora,22,0,0,1,20
KS,LTER_Exp,Pocillopora,24,0,0,1,20
KS,LTER_Exp,Pocillopora,16,0,0,1,20
KS,LTER_Exp,Pocillopora,22,0,20,1,20
KS,LTER_Exp,Acropora,24,0,100,1,20
KS,LTER_Exp,Pocillopora,28,0,5,1,20
KS,LTER_Exp,Acropora,20,0,100,1,20
KS,LTER_Exp,Pocillopora,38,0,0,1,20
KS,LTER_Exp,Pocillopora,13,0,0,1,20
KS,LTER_Exp,Pocillopora,23,0,0,1,20
KS,LTER_Exp,Pocillopora,28,0,100,1,20
KS,LTER_Exp,Pocillopora,10,0,0,1,20
KS,LTER_Exp,Pocillopora,30,0,100,1,20
KS,LTER_Exp,Pocillopora,21,0,70,1,20
KS,LTER_Exp,Acropora,21,0,100,1,20
KS,LTER_Exp,Pocillopora,19,0,0,1,20
KS,LTER_Exp,Acropora,8,0,100,1,20
KS,LTER_Exp,Pocillopora,23,0,100,1,20
KS,LTER_Exp,Pocillopora,16,0,0,1,20
KS,LTER_Exp,Pocillopora,27,0,100,1,20
KS,LTER_Exp,Pocillopora,21,0,0,1,20
KS,LTER_Exp,Pocillopora,22,0,0,1,20
KS,LTER_Exp,Pocillopora,23,0,0,1,20
KS,LTER_Exp,Pocillopora,17,0,0,1,20
KS,LTER_Exp,Pocillopora,16,0,0,1,20
KS,LTER_Exp,Pocillopora,42,20,20,1,20
KS,LTER_Exp,Pocillopora,25,0,100,1,20
KS,LTER_Exp,Pocillopora,16,0,0,1,20
KS,LTER_Exp,Pocillopora,25,0,0,1,20
KS,LTER_Exp,Pocillopora,21,0,0,1,20
KS,LTER_Exp,Pocillopora,46,0,75,1,20
KS,LTER_Exp,Pocillopora,15,0,0,1,20
KS,LTER_Exp,Pocillopora,10,0,0,1,20
KS,LTER_Exp,Pocillopora,10,0,0,1,20
KS,LTER_Exp,Pocillopora,10,0,0,1,20
KS,LTER_Exp,Pocillopora,29,0,90,1,20
KS,LTER_Exp,Pocillopora,26,0,100,1,20
KS,LTER_Exp,Pocillopora,35,0,100,1,20
KS,LTER_Exp,Pocillopora,30,20,0,1,20
KS,LTER_Exp,Pocillopora,45,0,100,1,20
KS,LTER_Exp,Pocillopora,33,0,100,1,20
KS,LTER_Exp,Pocillopora,23,0,0,1,20
KS,LTER_Exp,Pocillopora,18,0,0,1,20
KS,LTER_Exp,Pocillopora,13,0,0,1,20
KS,LTER_Exp,Pocillopora,25,0,0,1,20
KS,LTER_Exp,Pocillopora,17,0,100,1,20
KS,LTER_Exp,Pocillopora,20,0,0,1,20
KS,LTER_Exp,Pocillopora,32,0,100,1,20
KS,LTER_Exp,Pocillopora,17,0,0,1,20
KS,LTER_Exp,Pocillopora,37,0,100,1,20
KS,LTER_Exp,Pocillopora,23,0,0,1,20
KS,LTER_Exp,Pocillopora,16,0,0,1,20
KS,LTER_Exp,Pocillopora,17,0,10,1,20
KS,LTER_Exp,Pocillopora,17,0,0,1,20
KS,LTER_Exp,Pocillopora,25,0,100,1,20
KS,LTER_Exp,Pocillopora,14,0,0,1,20
KS,LTER_Exp,Pocillopora,10,0,0,1,20
KS,LTER_Exp,Pocillopora,19,0,0,1,20
KS,LTER_Exp,Pocillopora,6,0,0,1,20
KS,LTER_Exp,Pocillopora,10,0,0,1,20
KS,LTER_Exp,Pocillopora,13,0,0,1,20
KS,LTER_Exp,Pocillopora,18,0,0,1,20
KS,LTER_Exp,Pocillopora,6,0,0,1,20
KS,LTER_Exp,Pocillopora,30,0,100,1,20
KS,LTER_Exp,Pocillopora,18,0,100,1,20
KS,LTER_Exp,Pocillopora,22,0,100,1,20
KS,LTER_Exp,Pocillopora,21,0,0,2,10
KS,LTER_Exp,Pocillopora,17,0,0,2,10
KS,LTER_Exp,Pocillopora,25,0,0,2,10
KS,LTER_Exp,Pocillopora,25,0,0,2,10
KS,LTER_Exp,Acropora,27,0,100,2,10
KS,LTER_Exp,Pocillopora,17,0,0,2,10
KS,LTER_Exp,Pocillopora,20,0,0,2,10
KS,LTER_Exp,Pocillopora,13,0,0,2,10
KS,LTER_Exp,Pocillopora,45,0,100,2,10
KS,LTER_Exp,Pocillopora,40,20,50,2,10
KS,LTER_Exp,Pocillopora,48,0,100,2,10
KS,LTER_Exp,Pocillopora,23,0,20,2,10
KS,LTER_Exp,Pocillopora,30,0,100,2,10
KS,LTER_Exp,Pocillopora,28,0,100,2,10
KS,LTER_Exp,Pocillopora,25,0,0,2,10
KS,LTER_Exp,Pocillopora,38,0,80,2,10
KS,LTER_Exp,Pocillopora,28,0,100,2,10
KS,LTER_Exp,Pocillopora,35,0,100,2,10
KS,LTER_Exp,Acropora,26,0,100,2,10
KS,LTER_Exp,Pocillopora,17,0,10,2,10
KS,LTER_Exp,Pocillopora,25,0,0,2,10
KS,LTER_Exp,Pocillopora,38,0,100,2,10
KS,LTER_Exp,Pocillopora,27,0,100,2,10
KS,LTER_Exp,Pocillopora,10,0,0,2,10
KS,LTER_Exp,Pocillopora,18,0,0,2,10
KS,LTER_Exp,Acropora,17,0,0,2,10
KS,LTER_Exp,Pocillopora,36,0,90,2,10
KS,LTER_Exp,Pocillopora,15,0,0,2,10
KS,LTER_Exp,Pocillopora,21,0,0,2,10
KS,LTER_Exp,Pocillopora,23,0,100,2,10
KS,LTER_Exp,Pocillopora,41,0,100,2,10
KS,LTER_Exp,Pocillopora,41,0,100,2,10
KS,LTER_Exp,Pocillopora,22,0,5,2,10
KS,LTER_Exp,Pocillopora,22,0,0,2,10
KS,LTER_Exp,Pocillopora,44,0,100,2,10
KS,LTER_Exp,Pocillopora,18,0,40,2,10
KS,LTER_Exp,Pocillopora,36,20,1,2,10
KS,LTER_Exp,Pocillopora,33,0,100,2,10
KS,LTER_Exp,Pocillopora,17,0,0,2,10
KS,LTER_Exp,Pocillopora,31,0,100,2,10
KS,LTER_Exp,Pocillopora,17,0,0,2,10
KS,LTER_Exp,Pocillopora,30,0,95,2,10
KS,LTER_Exp,Pocillopora,36,0,50,2,10
KS,LTER_Exp,Pocillopora,22,0,100,2,10
KS,LTER_Exp,Pocillopora,22,0,100,2,10
KS,LTER_Exp,Pocillopora,20,0,0,2,10
KS,LTER_Exp,Pocillopora,37,0,100,2,10
KS,LTER_Exp,Pocillopora,37,20,50,2,10
KS,LTER_Exp,Pocillopora,32,0,100,2,10
KS,LTER_Exp,Pocillopora,13,0,0,2,10
KS,LTER_Exp,Pocillopora,17,0,0,2,10
KS,LTER_Exp,Pocillopora,13,0,0,2,10
KS,LTER_Exp,Pocillopora,18,0,0,2,10
KS,LTER_Exp,Pocillopora,42,0,100,2,10
KS,LTER_Exp,Acropora,31,0,100,2,10
KS,LTER_Exp,Pocillopora,15,0,0,2,10
KS,LTER_Exp,Pocillopora,21,0,60,2,10
KS,LTER_Exp,Pocillopora,14,0,0,2,10
KS,LTER_Exp,Pocillopora,22,0,0,2,10
KS,LTER_Exp,Pocillopora,19,0,0,2,10
KS,LTER_Exp,Pocillopora,36,0,0,2,10
KS,LTER_Exp,Pocillopora,32,0,100,2,10
KS,LTER_Exp,Pocillopora,25,0,100,2,10
KS,LTER_Exp,Pocillopora,37,0,100,2,10
KS,LTER_Exp,Pocillopora,17,0,0,2,10
KS,LTER_Exp,Pocillopora,26,20,0,2,10
KS,LTER_Exp,Pocillopora,31,0,100,2,10
KS,LTER_Exp,Pocillopora,30,0,100,2,10
KS,LTER_Exp,Pocillopora,25,40,20,2,10
KS,LTER_Exp,Acropora,30,25,70,2,10
KS,LTER_Exp,Pocillopora,45,0,100,2,10
KS,LTER_Exp,Pocillopora,17,0,0,2,10
KS,LTER_Exp,Pocillopora,18,0,0,2,10
KS,LTER_Exp,Pocillopora,20,0,0,2,10
KS,LTER_Exp,Pocillopora,26,0,100,2,10
KS,LTER_Exp,Pocillopora,35,0,40,2,10
KS,LTER_Exp,Pocillopora,30,0,10,2,10
KS,LTER_Exp,Pocillopora,32,0,100,2,10
KS,LTER_Exp,Pocillopora,20,0,0,2,10
KS,LTER_Exp,Pocillopora,27,0,0,2,10
KS,LTER_Exp,Pocillopora,26,0,0,2,10
KS,LTER_Exp,Pocillopora,32,0,100,2,10
KS,LTER_Exp,Acropora,14,0,0,2,10
KS,LTER_Exp,Pocillopora,15,0,0,2,10
KS,LTER_Exp,Pocillopora,17,0,0,2,10
KS,LTER_Exp,Pocillopora,28,0,100,2,10
KS,LTER_Exp,Pocillopora,20,0,100,2,10
KS,LTER_Exp,Pocillopora,45,0,95,2,10
KS,LTER_Exp,Pocillopora,26,0,100,2,10
KS,LTER_Exp,Pocillopora,14,0,0,2,10
KS,LTER_Exp,Pocillopora,23,0,0,2,10
KS,LTER_Exp,Pocillopora,24,0,0,2,10
KS,LTER_Exp,Pocillopora,13,0,0,2,10
KS,LTER_Exp,Acropora,6,0,0,2,10
KS,LTER_Exp,Acropora,10,0,0,2,10
KS,LTER_Exp,Pocillopora,21,0,0,2,10
KS,LTER_Exp,Pocillopora,50,0,100,2,10
KS,LTER_Exp,Pocillopora,13,0,0,2,10
KS,LTER_Exp,Pocillopora,19,0,0,2,10
KS,LTER_Exp,Pocillopora,42,0,95,2,10
KS,LTER_Exp,Pocillopora,12,0,0,2,10
KS,LTER_Exp,Pocillopora,41,0,0,2,10
KS,LTER_Exp,Pocillopora,30,0,100,2,10
KS,LTER_Exp,Pocillopora,17,0,0,2,10
KS,LTER_Exp,Acropora,32,0,0,2,10
KS,LTER_Exp,Pocillopora,39,0,100,2,10
KS,LTER_Exp,Pocillopora,20,0,0,2,10
KS,LTER_Exp,Pocillopora,10,0,0,2,10
KS,LTER_Exp,Pocillopora,16,0,0,2,10
KS,LTER_Exp,Pocillopora,18,0,0,2,10
KS,LTER_Exp,Pocillopora,19,0,5,2,10
KS,LTER_Exp,Pocillopora,17,0,0,2,10
KS,LTER_Exp,Pocillopora,7,0,0,2,10
KS,LTER_Exp,Pocillopora,25,0,0,2,10
KS,LTER_Exp,Pocillopora,25,0,0,2,10
KS,LTER_Exp,Pocillopora,15,0,0,2,10
KS,LTER_Exp,Pocillopora,38,0,100,2,10
KS,LTER_Exp,Pocillopora,47,0,100,2,10
KS,LTER_Exp,Pocillopora,33,0,100,2,10
KS,LTER_Exp,Pocillopora,19,0,0,2,10
KS,LTER_Exp,Pocillopora,20,0,20,2,10
KS,LTER_Exp,Pocillopora,25,0,100,2,10
KS,LTER_Exp,Pocillopora,23,0,0,2,10
KS,LTER_Exp,Pocillopora,24,0,0,2,10
KS,LTER_Exp,Pocillopora,22,0,0,2,10
KS,LTER_Exp,Acropora,21,0,100,2,10
KS,LTER_Exp,Pocillopora,16,0,60,2,10
KS,LTER_Exp,Pocillopora,17,0,0,2,10
KS,LTER_Exp,Pocillopora,36,0,100,2,10
KS,LTER_Exp,Pocillopora,27,10,0,2,10
KS,LTER_Exp,Pocillopora,23,0,0,2,10
KS,LTER_Exp,Pocillopora,18,0,0,2,10
KS,LTER_Exp,Pocillopora,22,0,0,2,10
KS,LTER_Exp,Pocillopora,22,0,100,2,10
KS,LTER_Exp,Pocillopora,30,0,100,2,10
KS,LTER_Exp,Pocillopora,17,0,0,2,10
KS,LTER_Exp,Pocillopora,24,0,0,2,10
KS,LTER_Exp,Pocillopora,15,0,0,2,10
KS,LTER_Exp,Pocillopora,30,0,0,2,10
KS,LTER_Exp,Pocillopora,34,0,100,2,10
KS,LTER_Exp,Pocillopora,9,0,0,2,10
KS,LTER_Exp,Acropora,24,0,100,2,10
KS,LTER_Exp,Pocillopora,21,0,0,2,10
KS,LTER_Exp,Pocillopora,25,0,0,2,10
KS,LTER_Exp,Pocillopora,16,0,0,2,10
KS,LTER_Exp,Pocillopora,15,0,0,2,10
KS,LTER_Exp,Pocillopora,53,0,90,2,10
KS,LTER_Exp,Pocillopora,28,0,0,2,10
KS,LTER_Exp,Pocillopora,22,0,100,2,10
KS,LTER_Exp,Pocillopora,19,0,70,2,10
KS,LTER_Exp,Pocillopora,28,0,0,3,15
KS,LTER_Exp,Pocillopora,11,0,0,3,15
KS,LTER_Exp,Pocillopora,31,10,85,3,15
KS,LTER_Exp,Pocillopora,20,0,100,3,15
KS,LTER_Exp,Pocillopora,28,0,0,3,15
KS,LTER_Exp,Pocillopora,21,0,0,3,15
KS,LTER_Exp,Pocillopora,16,0,0,3,15
KS,LTER_Exp,Pocillopora,37,0,0,3,15
KS,LTER_Exp,Pocillopora,14,0,30,3,15
KS,LTER_Exp,Pocillopora,32,0,0,3,15
KS,LTER_Exp,Pocillopora,13,0,0,3,15
KS,LTER_Exp,Pocillopora,16,0,0,3,15
KS,LTER_Exp,Pocillopora,23,0,100,3,15
KS,LTER_Exp,Pocillopora,13,0,0,3,15
KS,LTER_Exp,Pocillopora,27,0,20,3,15
KS,LTER_Exp,Pocillopora,24,0,0,3,15
KS,LTER_Exp,Pocillopora,20,0,0,3,15
KS,LTER_Exp,Pocillopora,20,0,0,3,15
KS,LTER_Exp,Pocillopora,33,0,100,3,15
KS,LTER_Exp,Pocillopora,16,0,0,3,15
KS,LTER_Exp,Acropora,27,60,40,3,15
KS,LTER_Exp,Pocillopora,32,0,95,3,15
KS,LTER_Exp,Pocillopora,20,0,0,3,15
KS,LTER_Exp,Pocillopora,16,0,0,3,15
KS,LTER_Exp,Pocillopora,13,0,90,3,15
KS,LTER_Exp,Pocillopora,27,0,0,3,15
KS,LTER_Exp,Pocillopora,15,0,0,3,15
KS,LTER_Exp,Pocillopora,17,0,0,3,15
KS,LTER_Exp,Pocillopora,25,0,100,3,15
KS,LTER_Exp,Pocillopora,25,0,0,3,15
KS,LTER_Exp,Pocillopora,32,0,100,3,15
KS,LTER_Exp,Pocillopora,37,0,100,3,15
KS,LTER_Exp,Pocillopora,16,0,0,3,15
KS,LTER_Exp,Pocillopora,14,0,0,3,15
KS,LTER_Exp,Pocillopora,36,0,0,3,15
KS,LTER_Exp,Pocillopora,21,0,0,3,15
KS,LTER_Exp,Pocillopora,38,0,75,3,15
KS,LTER_Exp,Pocillopora,33,0,40,3,15
KS,LTER_Exp,Pocillopora,28,0,100,3,15
KS,LTER_Exp,Pocillopora,24,0,15,3,15
KS,LTER_Exp,Pocillopora,23,0,0,3,15
KS,LTER_Exp,Pocillopora,39,0,85,3,15
KS,LTER_Exp,Pocillopora,20,0,0,3,15
KS,LTER_Exp,Pocillopora,20,0,0,3,15
KS,LTER_Exp,Pocillopora,14,0,0,3,15
KS,LTER_Exp,Pocillopora,20,0,0,3,15
KS,LTER_Exp,Pocillopora,18,0,100,3,15
KS,LTER_Exp,Pocillopora,42,40,10,3,15
KS,LTER_Exp,Pocillopora,21,0,70,3,15
KS,LTER_Exp,Pocillopora,11,0,0,3,15
KS,LTER_Exp,Pocillopora,17,0,0,3,15
KS,LTER_Exp,Pocillopora,17,0,0,3,15
KS,LTER_Exp,Pocillopora,28,0,20,3,15
KS,LTER_Exp,Pocillopora,14,0,40,3,15
KS,LTER_Exp,Acropora,24,0,100,3,15
KS,LTER_Exp,Pocillopora,27,0,100,3,15
KS,LTER_Exp,Pocillopora,33,0,100,3,15
KS,LTER_Exp,Pocillopora,18,0,0,3,15
KS,LTER_Exp,Pocillopora,14,0,10,3,15
KS,LTER_Exp,Pocillopora,32,0,80,3,15
KS,LTER_Exp,Pocillopora,38,0,100,3,15
KS,LTER_Exp,Pocillopora,15,0,0,3,15
KS,LTER_Exp,Pocillopora,13,0,0,3,15
KS,LTER_Exp,Pocillopora,28,0,100,3,15
KS,LTER_Exp,Pocillopora,24,0,0,3,15
KS,LTER_Exp,Pocillopora,13,0,0,3,15
KS,LTER_Exp,Pocillopora,10,0,0,3,15
KS,LTER_Exp,Pocillopora,21,0,5,3,15
KS,LTER_Exp,Pocillopora,40,0,100,3,15
KS,LTER_Exp,Acropora,18,0,100,3,15
KS,LTER_Exp,Pocillopora,15,0,0,3,15
KS,LTER_Exp,Pocillopora,26,0,0,3,15
KS,LTER_Exp,Pocillopora,20,0,0,3,15
KS,LTER_Exp,Pocillopora,33,0,0,3,15
KS,LTER_Exp,Pocillopora,35,0,100,3,15
KS,LTER_Exp,Pocillopora,28,0,0,3,15
KS,LTER_Exp,Pocillopora,29,0,100,3,15
KS,LTER_Exp,Pocillopora,39,0,100,3,15
KS,LTER_Exp,Pocillopora,9,0,0,3,15
KS,LTER_Exp,Pocillopora,13,0,0,3,15
KS,LTER_Exp,Pocillopora,15,0,0,3,15
KS,LTER_Exp,Pocillopora,36,0,100,3,15
KS,LTER_Exp,Pocillopora,36,0,85,3,15
KS,LTER_Exp,Pocillopora,17,0,0,3,15
KS,LTER_Exp,Pocillopora,17,0,15,3,15
KS,LTER_Exp,Acropora,26,95,0,3,15
KS,LTER_Exp,Pocillopora,48,30,50,3,15
KS,LTER_Exp,Acropora,22,0,100,3,15
KS,LTER_Exp,Pocillopora,19,0,0,3,15
KS,LTER_Exp,Pocillopora,25,0,0,3,15
KS,LTER_Exp,Acropora,11,0,0,3,15
KS,LTER_Exp,Acropora,9,0,0,3,15
KS,LTER_Exp,Pocillopora,37,0,0,3,15
KS,LTER_Exp,Pocillopora,50,0,65,3,15
KS,LTER_Exp,Pocillopora,20,0,100,3,15
KS,LTER_Exp,Pocillopora,17,0,0,3,15
KS,LTER_Exp,Pocillopora,27,0,100,3,15
KS,LTER_Exp,Pocillopora,37,0,100,3,15
KS,LTER_Exp,Pocillopora,32,0,100,3,15
KS,LTER_Exp,Pocillopora,15,0,0,3,15
KS,LTER_Exp,Pocillopora,17,0,0,3,15
KS,LTER_Exp,Pocillopora,16,0,50,3,15
KS,LTER_Exp,Pocillopora,21,0,100,3,15
KS,LTER_Exp,Acropora,14,0,0,3,15
KS,LTER_Exp,Pocillopora,35,0,100,3,15
KS,LTER_Exp,Pocillopora,22,0,50,3,15
KS,LTER_Exp,Pocillopora,16,0,0,3,15
KS,LTER_Exp,Pocillopora,21,0,0,3,15
KS,LTER_Exp,Pocillopora,17,0,0,3,15
KS,LTER_Exp,Pocillopora,31,0,100,3,15
KS,LTER_Exp,Pocillopora,40,0,100,3,15
KS,LTER_Exp,Acropora,43,0,100,3,15
KS,LTER_Exp,Pocillopora,25,0,100,3,15
KS,LTER_Exp,Pocillopora,16,0,0,3,15
KS,LTER_Exp,Pocillopora,22,0,0,3,15
KS,LTER_Exp,Pocillopora,19,0,0,3,15
KS,LTER_Exp,Pocillopora,24,0,0,3,15
KS,LTER_Exp,Pocillopora,17,0,0,3,15
KS,LTER_Exp,Pocillopora,15,0,0,3,15
KS,LTER_Exp,Pocillopora,25,0,0,3,15
KS,LTER_Exp,Pocillopora,28,0,0,3,15
KS,LTER_Exp,Pocillopora,18,0,100,3,15
KS,LTER_Exp,Pocillopora,26,0,100,3,15
KS,LTER_Exp,Pocillopora,22,0,0,3,15
KS,LTER_Exp,Pocillopora,26,20,20,3,15
KS,LTER_Exp,Pocillopora,28,0,0,3,15
KS,LTER_Exp,Pocillopora,35,0,100,3,15
KS,LTER_Exp,Pocillopora,37,0,100,3,15
KS,LTER_Exp,Pocillopora,21,0,100,3,15
KS,LTER_Exp,Pocillopora,18,0,0,3,15
KS,LTER_Exp,Pocillopora,50,0,10,3,15
KS,LTER_Exp,Pocillopora,22,0,100,3,15
KS,LTER_Exp,Pocillopora,20,0,0,3,15
KS,LTER_Exp,Pocillopora,36,0,100,3,15
KS,LTER_Exp,Acropora,30,100,0,3,15
KS,LTER_Exp,Pocillopora,26,0,100,3,15
KS,LTER_Exp,Pocillopora,11,0,0,3,15
KS,LTER_Exp,Pocillopora,34,0,100,3,15
KS,LTER_Exp,Pocillopora,27,0,0,3,15
KS,LTER_Exp,Pocillopora,22,0,0,3,15
KS,LTER_Exp,Pocillopora,22,0,0,3,15
KS,LTER_Exp,Pocillopora,27,0,0,3,15
KS,LTER_Exp,Pocillopora,38,0,15,3,15
KS,LTER_Exp,Pocillopora,17,0,100,3,15
KS,LTER_Exp,Pocillopora,25,0,0,3,15
KS,LTER_Exp,Pocillopora,33,0,100,3,15
KS,LTER_Exp,Pocillopora,28,0,80,3,15
KS,LTER_Exp,Pocillopora,27,0,0,3,15
KS,LTER_Exp,Pocillopora,24,0,0,3,15
KS,LTER_Exp,Pocillopora,40,10,80,3,15
KS,LTER_Exp,Acropora,45,0,100,3,15
KS,LTER_Exp,Pocillopora,38,0,20,3,15
KS,LTER_Exp,Pocillopora,30,0,0,3,15
KS,LTER_Exp,Pocillopora,16,0,0,3,15
KS,LTER_Exp,Pocillopora,20,0,0,3,15
KS,LTER_Exp,Pocillopora,10,0,0,3,15
KS,LTER_Exp,Pocillopora,14,0,0,3,15
KS,LTER_Exp,Pocillopora,23,0,0,3,15
KS,LTER_Exp,Pocillopora,27,20,20,3,15
KS,LTER_Exp,Pocillopora,37,0,100,3,15
KS,LTER_Exp,Pocillopora,12,0,0,3,15
KS,LTER_Exp,Pocillopora,11,0,0,3,15
KS,LTER_Exp,Pocillopora,35,0,100,3,15
KS,LTER_Exp,Pocillopora,50,0,90,3,15
KS,LTER_Exp,Pocillopora,15,0,0,3,15
KS,LTER_Exp,Pocillopora,22,0,0,3,15
KS,LTER_Exp,Pocillopora,10,0,0,3,15
KS,LTER_Exp,Pocillopora,45,0,80,3,15
KS,LTER_Exp,Pocillopora,35,0,75,3,15
KS,LTER_Exp,Pocillopora,32,0,0,3,15
KS,LTER_Exp,Pocillopora,30,0,100,3,15
KS,LTER_Exp,Pocillopora,30,0,0,3,15
KS,LTER_Exp,Pocillopora,25,0,0,3,15
KS,LTER_Exp,Pocillopora,45,0,100,3,15
KS,LTER_Exp,Pocillopora,20,0,0,3,15
KS,LTER_Exp,Pocillopora,32,0,10,3,15
KS,LTER_Exp,Pocillopora,34,0,100,3,15
KS,LTER_Exp,Pocillopora,15,0,20,3,15
KS,LTER_Exp,Acropora,21,0,0,3,15
KS,LTER_Exp,Pocillopora,25,0,0,3,15
KS,LTER_Exp,Acropora,30,0,100,3,15
KS,LTER_Exp,Pocillopora,19,0,0,3,15
KS,LTER_Exp,Pocillopora,17,0,20,3,15
KS,LTER_Exp,Pocillopora,22,0,0,3,15
KS,LTER_Exp,Pocillopora,15,0,10,3,15
KS,LTER_Exp,Pocillopora,43,0,100,3,15
KS,LTER_Exp,Pocillopora,22,0,100,3,15
KS,LTER_Exp,Acropora,15,0,100,3,15
KS,LTER_Exp,Pocillopora,25,0,100,3,15
KS,LTER_Exp,Pocillopora,27,0,100,3,15
KS,LTER_Exp,Pocillopora,17,0,0,3,15
KS,LTER_Exp,Pocillopora,40,0,100,3,15
KS,LTER_Exp,Pocillopora,35,0,0,3,15
KS,LTER_Exp,Pocillopora,34,0,100,3,15
KS,LTER_Exp,Pocillopora,25,0,100,3,15
KS,LTER_Exp,Pocillopora,22,0,0,3,15
KS,LTER_Exp,Pocillopora,15,0,0,3,15
KS,LTER_Exp,Acropora,21,0,100,3,15
KS,LTER_Exp,Pocillopora,30,0,80,3,15
KS,LTER_Exp,Pocillopora,16,0,0,3,15
KS,LTER_Exp,Acropora,12,0,100,3,15
KS,LTER_Exp,Pocillopora,10,0,0,3,15
KS,LTER_Exp,Pocillopora,14,0,0,3,15
KS,LTER_Exp,Pocillopora,19,0,0,3,15
KS,LTER_Exp,Pocillopora,22,0,0,3,15
KS,LTER_Exp,Pocillopora,19,0,0,3,15
KS,LTER_Exp,Pocillopora,13,0,0,3,15
KS,LTER_Exp,Pocillopora,27,0,85,3,15
KS,LTER_Exp,Pocillopora,17,0,0,3,15
KS,LTER_Exp,Pocillopora,17,0,0,3,15
KS,LTER_Exp,Pocillopora,32,0,100,3,15
KS,LTER_Exp,Pocillopora,25,0,100,3,15
KS,LTER_Exp,Pocillopora,22,0,100,3,15
KS,LTER_Exp,Pocillopora,26,0,0,3,15
KS,LTER_Exp,Acropora,21,0,100,3,15
KS,LTER_Exp,Pocillopora,17,0,100,3,15
KS,LTER_Exp,Pocillopora,28,0,0,3,15
KS,LTER_Exp,Pocillopora,24,0,0,3,15
KS,LTER_Exp,Pocillopora,11,0,0,3,15
KS,LTER_Exp,Pocillopora,12,0,0,3,15
KS,LTER_Exp,Pocillopora,28,0,100,3,15
KS,LTER_Exp,Pocillopora,15,0,0,3,15
KS,LTER_Exp,Pocillopora,32,0,0,3,15
KS,LTER_Exp,Pocillopora,22,0,25,3,15
KS,LTER_Exp,Pocillopora,41,0,100,3,15
KS,LTER_Exp,Pocillopora,35,0,15,3,15
KS,LTER_Exp,Pocillopora,14,0,0,3,15
KS,LTER_Exp,Pocillopora,12,0,20,3,15
KS,LTER_Exp,Pocillopora,27,0,0,3,15
KS,LTER_Exp,Pocillopora,15,0,0,3,15
KS,LTER_Exp,Pocillopora,24,0,20,3,15
KS,LTER_Exp,Pocillopora,26,0,0,3,15
KS,LTER_Exp,Pocillopora,11,0,0,3,15
KS,LTER_Exp,Pocillopora,16,0,0,3,15
KS,LTER_Exp,Pocillopora,23,0,100,3,15
KS,LTER_Exp,Pocillopora,27,0,100,3,15
KS,LTER_Exp,Pocillopora,24,0,100,3,15
KS,LTER_Exp,Pocillopora,37,0,100,3,15
KS,LTER_Exp,Pocillopora,37,0,100,3,15
KS,LTER_Exp,Pocillopora,15,0,100,3,15
KS,LTER_Exp,Pocillopora,22,0,20,3,15
KS,LTER_Exp,Pocillopora,35,0,100,3,15
KS,LTER_Exp,Acropora,26,40,20,3,15
KS,LTER_Exp,Pocillopora,37,0,100,3,15
KS,LTER_Exp,Pocillopora,24,0,100,3,15
KS,LTER_Exp,Pocillopora,40,0,100,3,15
KS,LTER_Exp,Pocillopora,22,0,0,3,15
KS,LTER_Exp,Pocillopora,38,0,100,3,15
KS,LTER_Exp,Pocillopora,37,0,100,4,10
KS,LTER_Exp,Pocillopora,14,0,0,4,10
KS,LTER_Exp,Pocillopora,18,0,0,4,10
KS,LTER_Exp,Pocillopora,19,0,0,4,10
KS,LTER_Exp,Acropora,23,0,100,4,10
KS,LTER_Exp,Pocillopora,18,0,20,4,10
KS,LTER_Exp,Pocillopora,44,0,100,4,10
KS,LTER_Exp,Pocillopora,14,0,0,4,10
KS,LTER_Exp,Pocillopora,35,0,100,4,10
KS,LTER_Exp,Pocillopora,43,0,100,4,10
KS,LTER_Exp,Pocillopora,27,0,100,4,10
KS,LTER_Exp,Pocillopora,25,0,0,4,10
KS,LTER_Exp,Pocillopora,27,0,100,4,10
KS,LTER_Exp,Pocillopora,14,0,0,4,10
KS,LTER_Exp,Pocillopora,27,0,100,4,10
KS,LTER_Exp,Pocillopora,17,0,0,4,10
KS,LTER_Exp,Pocillopora,31,0,100,4,10
KS,LTER_Exp,Acropora,31,0,0,4,10
KS,LTER_Exp,Pocillopora,27,0,0,4,10
KS,LTER_Exp,Pocillopora,13,0,0,4,10
KS,LTER_Exp,Acropora,24,0,100,4,10
KS,LTER_Exp,Pocillopora,13,0,0,4,10
KS,LTER_Exp,Pocillopora,12,0,0,4,10
KS,LTER_Exp,Pocillopora,22,0,100,4,10
KS,LTER_Exp,Pocillopora,11,0,0,4,10
KS,LTER_Exp,Pocillopora,8,0,0,4,10
KS,LTER_Exp,Pocillopora,15,0,0,4,10
KS,LTER_Exp,Pocillopora,19,0,0,4,10
KS,LTER_Exp,Pocillopora,11,0,0,4,10
KS,LTER_Exp,Pocillopora,25,0,0,4,10
KS,LTER_Exp,Pocillopora,9,0,0,4,10
KS,LTER_Exp,Pocillopora,12,0,0,4,10
KS,LTER_Exp,Pocillopora,28,0,0,4,10
KS,LTER_Exp,Pocillopora,12,0,0,4,10
KS,LTER_Exp,Pocillopora,18,0,0,4,10
KS,LTER_Exp,Pocillopora,19,0,0,4,10
KS,LTER_Exp,Pocillopora,28,0,100,4,10
KS,LTER_Exp,Pocillopora,30,0,80,4,10
KS,LTER_Exp,Pocillopora,27,0,0,4,10
KS,LTER_Exp,Pocillopora,25,0,30,4,10
KS,LTER_Exp,Pocillopora,14,0,0,4,10
KS,LTER_Exp,Pocillopora,25,0,0,4,10
KS,LTER_Exp,Pocillopora,35,0,0,4,10
KS,LTER_Exp,Pocillopora,22,0,0,4,10
KS,LTER_Exp,Pocillopora,19,0,0,4,10
KS,LTER_Exp,Pocillopora,28,0,100,4,10
KS,LTER_Exp,Pocillopora,32,0,100,4,10
KS,LTER_Exp,Pocillopora,15,0,100,4,10
KS,LTER_Exp,Pocillopora,11,0,0,4,10
KS,LTER_Exp,Pocillopora,17,0,0,4,10
KS,LTER_Exp,Acropora,20,0,0,4,10
KS,LTER_Exp,Pocillopora,6,0,0,4,10
KS,LTER_Exp,Pocillopora,27,0,100,4,10
KS,LTER_Exp,Pocillopora,34,0,100,4,10
KS,LTER_Exp,Pocillopora,7,0,0,4,10
KS,LTER_Exp,Acropora,8,0,100,4,10
KS,LTER_Exp,Acropora,7,0,0,4,10
KS,LTER_Exp,Pocillopora,40,0,100,4,10
KS,LTER_Exp,Acropora,8,0,0,4,10
KS,LTER_Exp,Pocillopora,26,0,100,4,10
KS,LTER_Exp,Pocillopora,40,0,100,4,10
KS,LTER_Exp,Pocillopora,40,0,100,4,10
KS,LTER_Exp,Pocillopora,32,0,0,4,10
KS,LTER_Exp,Pocillopora,31,0,0,4,10
KS,LTER_Exp,Acropora,41,0,100,4,10
KS,LTER_Exp,Acropora,9,0,0,4,10
KS,LTER_Exp,Pocillopora,20,0,0,4,10
KS,LTER_Exp,Acropora,9,0,0,4,10
KS,LTER_Exp,Acropora,13,0,0,4,10
KS,LTER_Exp,Pocillopora,21,0,0,4,10
KS,LTER_Exp,Pocillopora,22,0,0,4,10
KS,LTER_Exp,Pocillopora,24,0,20,4,10
KS,LTER_Exp,Pocillopora,33,0,40,4,10
KS,LTER_Exp,Pocillopora,20,0,0,4,10
KS,LTER_Exp,Pocillopora,32,0,0,4,10
KS,LTER_Exp,Acropora,25,0,100,4,10
KS,LTER_Exp,Pocillopora,20,0,0,4,10
KS,LTER_Exp,Pocillopora,37,0,100,4,10
KS,LTER_Exp,Pocillopora,22,0,0,4,10
KS,LTER_Exp,Pocillopora,13,0,0,4,10
KS,LTER_Exp,Acropora,8,0,10,4,10
KS,LTER_Exp,Pocillopora,43,0,100,4,10
KS,LTER_Exp,Pocillopora,23,0,0,4,10
KS,LTER_Exp,Pocillopora,18,0,0,4,10
KS,LTER_Exp,Pocillopora,48,0,10,4,10
KS,LTER_Exp,Pocillopora,18,0,20,4,10
KS,LTER_Exp,Pocillopora,30,0,100,4,10
KS,LTER_Exp,Pocillopora,38,0,100,4,10
KS,LTER_Exp,Pocillopora,18,0,0,4,10
KS,LTER_Exp,Pocillopora,34,0,100,4,10
KS,LTER_Exp,Pocillopora,12,0,0,4,10
KS,LTER_Exp,Pocillopora,14,0,0,4,10
KS,LTER_Exp,Pocillopora,25,0,0,4,10
KS,LTER_Exp,Pocillopora,33,0,100,4,10
KS,LTER_Exp,Pocillopora,13,0,0,4,10
KS,LTER_Exp,Pocillopora,13,0,0,4,10
KS,LTER_Exp,Pocillopora,13,0,0,4,10
KS,LTER_Exp,Pocillopora,27,0,0,4,10
KS,LTER_Exp,Pocillopora,34,0,100,4,10
KS,LTER_Exp,Pocillopora,24,0,100,4,10
KS,LTER_Exp,Pocillopora,14,0,0,4,10
KS,LTER_Exp,Pocillopora,17,0,0,4,10
KS,LTER_Exp,Pocillopora,37,0,20,4,10
KS,LTER_Exp,Pocillopora,15,0,0,4,10
KS,LTER_Exp,Pocillopora,26,0,0,4,10
KS,LTER_Exp,Pocillopora,32,0,100,4,10
KS,LTER_Exp,Pocillopora,17,0,20,4,10
KS,LTER_Exp,Pocillopora,14,0,0,4,10
KS,LTER_Exp,Pocillopora,15,0,0,4,10
KS,LTER_Exp,Pocillopora,39,0,0,4,10
KS,LTER_Exp,Pocillopora,27,0,100,4,10
KS,LTER_Exp,Acropora,31,0,100,4,10
KS,LTER_Exp,Pocillopora,22,0,0,4,10
KS,LTER_Exp,Pocillopora,40,0,100,4,10
KS,LTER_Exp,Pocillopora,32,0,100,4,10
KS,LTER_Exp,Pocillopora,34,0,100,4,10
KS,LTER_Exp,Pocillopora,48,0,100,4,10
KS,LTER_Exp,Pocillopora,21,0,0,4,10
KS,LTER_Exp,Acropora,13,0,100,4,10
KS,LTER_Exp,Pocillopora,40,0,100,4,10
KS,LTER_Exp,Pocillopora,37,0,100,4,10
KS,LTER_Exp,Pocillopora,23,0,100,4,10
KS,LTER_Exp,Pocillopora,20,0,0,4,10
KS,LTER_Exp,Pocillopora,11,0,0,4,10
KS,LTER_Exp,Pocillopora,19,0,0,4,10
KS,LTER_Exp,Pocillopora,17,0,0,4,10
KS,LTER_Exp,Pocillopora,18,0,0,4,10
KS,LTER_Exp,Pocillopora,12,0,20,4,10
KS,LTER_Exp,Pocillopora,18,0,95,4,10
KS,LTER_Exp,Pocillopora,24,0,0,4,10
KS,LTER_Exp,Pocillopora,16,0,0,4,10
KS,LTER_Exp,Pocillopora,16,0,0,4,10
KS,LTER_Exp,Pocillopora,28,0,0,4,10
KS,LTER_Exp,Pocillopora,14,0,50,4,10
KS,LTER_Exp,Pocillopora,45,0,100,4,10
KS,LTER_Exp,Pocillopora,23,0,0,4,10
KS,LTER_Exp,Pocillopora,31,0,30,4,10
KS,LTER_Exp,Pocillopora,8,0,0,4,10
KS,LTER_Exp,Pocillopora,15,20,0,4,10
KS,LTER_Exp,Pocillopora,20,0,0,4,10
KS,LTER_Exp,Pocillopora,17,0,0,4,10
KS,LTER_Exp,Pocillopora,51,0,100,4,10
KS,LTER_Exp,Pocillopora,12,0,100,4,10
KS,LTER_Exp,Pocillopora,15,0,0,4,10
KS,LTER_Exp,Pocillopora,18,0,0,4,10
KS,LTER_Exp,Pocillopora,19,0,0,4,10
KS,LTER_Exp,Pocillopora,12,0,0,4,10
KS,LTER_Exp,Pocillopora,18,0,0,4,10
KS,LTER_Exp,Pocillopora,14,0,0,4,10
KS,LTER_Exp,Pocillopora,37,0,100,4,10
KS,LTER_Exp,Pocillopora,26,0,100,4,10
KS,LTER_Exp,Pocillopora,36,0,5,4,10
KS,LTER_Exp,Pocillopora,40,0,100,4,10
KS,LTER_Exp,Pocillopora,23,0,0,4,10
KS,LTER_Exp,Acropora,25,0,100,4,10
KS,LTER_Exp,Pocillopora,22,0,0,4,10
KS,LTER_Exp,Pocillopora,35,0,100,4,10
KS,LTER_Exp,Pocillopora,25,0,0,4,10
KS,LTER_Exp,Pocillopora,18,0,0,4,10
KS,LTER_Exp,Pocillopora,25,0,0,4,10
KS,LTER_Exp,Acropora,47,0,100,4,10
KS,LTER_Exp,Pocillopora,32,0,100,4,10
KS,LTER_Exp,Pocillopora,36,0,100,4,10
KS,LTER_Exp,Pocillopora,22,0,0,4,10
KS,LTER_Exp,Pocillopora,35,0,20,4,10
KS,LTER_Exp,Pocillopora,26,0,100,4,10
KS,LTER_Exp,Pocillopora,34,0,100,4,10
KS,LTER_Exp,Acropora,25,10,5,4,10
KS,LTER_Exp,Pocillopora,23,0,0,4,10
KS,LTER_Exp,Pocillopora,10,0,0,4,10
KS,LTER_Exp,Pocillopora,33,0,0,4,10
KS,LTER_Exp,Pocillopora,15,0,0,4,10
KS,LTER_Exp,Pocillopora,36,0,100,4,10
KS,LTER_Exp,Pocillopora,22,0,0,4,10
KS,LTER_Exp,Pocillopora,30,0,100,4,10
KS,LTER_Exp,Acropora,27,80,0,4,10
KS,LTER_Exp,Pocillopora,21,0,0,4,10
KS,LTER_Exp,Pocillopora,18,0,0,4,10
KS,LTER_Exp,Pocillopora,15,0,0,4,10
KS,LTER_Exp,Pocillopora,26,0,0,4,10
KS,LTER_Exp,Acropora,35,0,50,4,10
KS,LTER_Exp,Pocillopora,23,0,0,4,10
KS,LTER_Exp,Pocillopora,36,0,100,4,10
KS,LTER_Exp,Pocillopora,31,0,10,4,10
KS,LTER_Exp,Pocillopora,25,0,0,4,10
KS,LTER_Exp,Pocillopora,16,0,50,4,10
KS,LTER_Exp,Pocillopora,12,0,0,4,10
KS,LTER_Exp,Pocillopora,27,0,15,4,10
KS,LTER_Exp,Pocillopora,36,0,100,4,10
KS,LTER_Exp,Pocillopora,18,0,0,4,10
KS,LTER_Exp,Pocillopora,10,0,0,4,10
KS,LTER_Exp,Pocillopora,43,0,100,5,15
KS,LTER_Exp,Acropora,17,0,0,5,15
KS,LTER_Exp,Pocillopora,27,0,0,5,15
KS,LTER_Exp,Pocillopora,42,0,100,5,15
KS,LTER_Exp,Pocillopora,27,0,0,5,15
KS,LTER_Exp,Pocillopora,35,0,0,5,15
KS,LTER_Exp,Pocillopora,15,0,0,5,15
KS,LTER_Exp,Pocillopora,25,0,100,5,15
KS,LTER_Exp,Pocillopora,32,0,0,5,15
KS,LTER_Exp,Pocillopora,15,0,0,5,15
KS,LTER_Exp,Pocillopora,17,0,0,5,15
KS,LTER_Exp,Pocillopora,17,0,0,5,15
KS,LTER_Exp,Pocillopora,50,0,0,5,15
KS,LTER_Exp,Pocillopora,20,0,0,5,15
KS,LTER_Exp,Pocillopora,30,0,0,5,15
KS,LTER_Exp,Pocillopora,14,0,0,5,15
KS,LTER_Exp,Pocillopora,14,0,0,5,15
KS,LTER_Exp,Pocillopora,26,0,0,5,15
KS,LTER_Exp,Pocillopora,27,0,100,5,15
KS,LTER_Exp,Pocillopora,45,0,90,5,15
KS,LTER_Exp,Pocillopora,25,0,0,5,15
KS,LTER_Exp,Acropora,27,0,100,5,15
KS,LTER_Exp,Pocillopora,19,0,0,5,15
KS,LTER_Exp,Pocillopora,20,0,0,5,15
KS,LTER_Exp,Acropora,10,0,0,5,15
KS,LTER_Exp,Pocillopora,18,0,0,5,15
KS,LTER_Exp,Pocillopora,15,0,0,5,15
KS,LTER_Exp,Pocillopora,11,0,0,5,15
KS,LTER_Exp,Pocillopora,14,0,20,5,15
KS,LTER_Exp,Pocillopora,22,0,0,5,15
KS,LTER_Exp,Pocillopora,10,0,0,5,15
KS,LTER_Exp,Pocillopora,21,0,0,5,15
KS,LTER_Exp,Pocillopora,23,0,100,5,15
KS,LTER_Exp,Pocillopora,13,0,0,5,15
KS,LTER_Exp,Acropora,35,0,100,5,15
KS,LTER_Exp,Pocillopora,9,0,0,5,15
KS,LTER_Exp,Pocillopora,20,0,20,5,15
KS,LTER_Exp,Pocillopora,16,0,0,5,15
KS,LTER_Exp,Pocillopora,18,0,100,5,15
KS,LTER_Exp,Pocillopora,22,0,100,5,15
KS,LTER_Exp,Pocillopora,39,0,100,5,15
KS,LTER_Exp,Pocillopora,40,0,100,5,15
KS,LTER_Exp,Pocillopora,25,0,25,5,15
KS,LTER_Exp,Pocillopora,30,0,1,5,15
KS,LTER_Exp,Pocillopora,40,0,40,5,15
KS,LTER_Exp,Pocillopora,13,0,0,5,15
KS,LTER_Exp,Pocillopora,27,0,100,5,15
KS,LTER_Exp,Pocillopora,33,0,100,5,15
KS,LTER_Exp,Pocillopora,24,0,0,5,15
KS,LTER_Exp,Pocillopora,32,0,100,5,15
KS,LTER_Exp,Pocillopora,34,0,0,5,15
KS,LTER_Exp,Pocillopora,18,0,0,5,15
KS,LTER_Exp,Pocillopora,25,0,100,5,15
KS,LTER_Exp,Pocillopora,37,0,100,5,15
KS,LTER_Exp,Pocillopora,21,0,100,5,15
KS,LTER_Exp,Pocillopora,12,0,0,5,15
KS,LTER_Exp,Pocillopora,18,0,0,5,15
KS,LTER_Exp,Pocillopora,44,0,100,5,15
KS,LTER_Exp,Pocillopora,24,0,0,5,15
KS,LTER_Exp,Pocillopora,23,0,0,5,15
KS,LTER_Exp,Pocillopora,16,0,0,5,15
KS,LTER_Exp,Pocillopora,36,0,0,5,15
KS,LTER_Exp,Pocillopora,26,0,100,5,15
KS,LTER_Exp,Pocillopora,42,0,100,5,15
KS,LTER_Exp,Pocillopora,23,0,0,5,15
KS,LTER_Exp,Pocillopora,15,0,0,5,15
KS,LTER_Exp,Pocillopora,30,0,0,5,15
KS,LTER_Exp,Pocillopora,15,0,0,5,15
KS,LTER_Exp,Pocillopora,26,0,100,5,15
KS,LTER_Exp,Pocillopora,35,0,100,5,15
KS,LTER_Exp,Pocillopora,18,0,0,5,15
KS,LTER_Exp,Pocillopora,12,0,0,5,15
KS,LTER_Exp,Pocillopora,17,0,0,5,15
KS,LTER_Exp,Pocillopora,38,0,100,5,15
KS,LTER_Exp,Pocillopora,24,0,0,5,15
KS,LTER_Exp,Pocillopora,37,0,0,5,15
KS,LTER_Exp,Pocillopora,40,0,0,5,15
KS,LTER_Exp,Pocillopora,15,0,0,5,15
KS,LTER_Exp,Pocillopora,21,0,0,5,15
KS,LTER_Exp,Pocillopora,26,0,100,5,15
KS,LTER_Exp,Acropora,23,40,50,5,15
KS,LTER_Exp,Pocillopora,20,0,0,5,15
KS,LTER_Exp,Pocillopora,28,0,0,5,15
KS,LTER_Exp,Pocillopora,12,0,0,5,15
KS,LTER_Exp,Pocillopora,12,0,0,5,15
KS,LTER_Exp,Pocillopora,16,0,0,5,15
KS,LTER_Exp,Pocillopora,10,0,0,5,15
KS,LTER_Exp,Pocillopora,23,0,0,5,15
KS,LTER_Exp,Pocillopora,42,0,100,5,15
KS,LTER_Exp,Pocillopora,21,0,0,5,15
KS,LTER_Exp,Pocillopora,18,0,10,5,15
KS,LTER_Exp,Pocillopora,17,0,0,5,15
KS,LTER_Exp,Pocillopora,11,0,0,5,15
KS,LTER_Exp,Pocillopora,10,0,0,5,15
KS,LTER_Exp,Pocillopora,23,0,0,5,15
KS,LTER_Exp,Pocillopora,18,0,0,5,15
KS,LTER_Exp,Pocillopora,6,0,0,5,15
KS,LTER_Exp,Pocillopora,25,0,0,5,15
KS,LTER_Exp,Pocillopora,14,0,0,5,15
KS,LTER_Exp,Pocillopora,17,0,0,5,15
KS,LTER_Exp,Acropora,34,0,100,5,15
KS,LTER_Exp,Acropora,30,0,70,5,15
KS,LTER_Exp,Pocillopora,43,0,100,5,15
KS,LTER_Exp,Pocillopora,24,0,0,5,15
KS,LTER_Exp,Pocillopora,11,0,0,5,15
KS,LTER_Exp,Pocillopora,28,0,0,5,15
KS,LTER_Exp,Pocillopora,26,0,0,5,15
KS,LTER_Exp,Pocillopora,22,0,20,5,15
KS,LTER_Exp,Pocillopora,26,0,100,5,15
KS,LTER_Exp,Pocillopora,14,0,0,5,15
KS,LTER_Exp,Pocillopora,18,0,5,5,15
KS,LTER_Exp,Pocillopora,30,0,100,5,15
KS,LTER_Exp,Pocillopora,22,0,0,5,15
KS,LTER_Exp,Acropora,22,0,100,5,15
KS,LTER_Exp,Acropora,27,0,100,5,15
KS,LTER_Exp,Pocillopora,22,0,0,5,15
KS,LTER_Exp,Pocillopora,12,0,50,5,15
KS,LTER_Exp,Pocillopora,15,0,100,5,15
KS,LTER_Exp,Pocillopora,13,0,80,5,15
KS,LTER_Exp,Pocillopora,22,0,100,5,15
KS,LTER_Exp,Pocillopora,34,0,10,5,15
KS,LTER_Exp,Pocillopora,32,0,0,5,15
KS,LTER_Exp,Pocillopora,16,0,0,5,15
KS,LTER_Exp,Acropora,33,0,100,5,15
KS,LTER_Exp,Pocillopora,15,0,0,5,15
KS,LTER_Exp,Pocillopora,23,0,0,5,15
KS,LTER_Exp,Pocillopora,21,0,0,5,15
KS,LTER_Exp,Pocillopora,18,0,0,5,15
KS,LTER_Exp,Pocillopora,12,0,0,5,15
KS,LTER_Exp,Pocillopora,22,0,0,5,15
KS,LTER_Exp,Pocillopora,18,0,10,5,15
KS,LTER_Exp,Pocillopora,33,0,10,5,15
KS,LTER_Exp,Acropora,41,0,100,5,15
KS,LTER_Exp,Pocillopora,13,0,0,5,15
KS,LTER_Exp,Pocillopora,15,0,0,5,15
KS,LTER_Exp,Pocillopora,15,0,0,5,15
KS,LTER_Exp,Pocillopora,22,0,0,5,15
KS,LTER_Exp,Pocillopora,11,0,0,5,15
KS,LTER_Exp,Pocillopora,45,0,100,5,15
KS,LTER_Exp,Pocillopora,27,0,100,5,15
KS,LTER_Exp,Pocillopora,15,0,0,5,15
KS,LTER_Exp,Pocillopora,9,0,0,5,15
KS,LTER_Exp,Pocillopora,15,0,0,5,15
KS,LTER_Exp,Acropora,25,0,100,5,15
KS,LTER_Exp,Pocillopora,17,0,0,5,15
KS,LTER_Exp,Pocillopora,30,0,100,5,15
KS,LTER_Exp,Pocillopora,28,30,30,5,15
KS,LTER_Exp,Pocillopora,48,0,100,5,15
KS,LTER_Exp,Pocillopora,32,0,100,5,15
KS,LTER_Exp,Pocillopora,20,0,100,5,15
KS,LTER_Exp,Pocillopora,35,0,100,5,15
KS,LTER_Exp,Pocillopora,18,0,0,5,15
KS,LTER_Exp,Pocillopora,12,0,30,5,15
KS,LTER_Exp,Pocillopora,20,0,0,5,15
KS,LTER_Exp,Pocillopora,31,0,0,5,15
KS,LTER_Exp,Pocillopora,18,0,0,5,15
KS,LTER_Exp,Pocillopora,43,0,100,5,15
KS,LTER_Exp,Pocillopora,28,0,0,5,15
KS,LTER_Exp,Pocillopora,35,0,100,5,15
KS,LTER_Exp,Pocillopora,28,0,100,5,15
KS,LTER_Exp,Pocillopora,35,0,98,5,15
KS,LTER_Exp,Pocillopora,18,0,100,5,15
KS,LTER_Exp,Pocillopora,19,0,100,5,15
KS,LTER_Exp,Pocillopora,25,0,100,5,15
KS,LTER_Exp,Pocillopora,7,0,0,5,15
KS,LTER_Exp,Pocillopora,18,0,0,5,15
KS,LTER_Exp,Acropora,19,0,100,5,15
KS,LTER_Exp,Pocillopora,35,0,0,5,15
KS,LTER_Exp,Pocillopora,17,0,0,5,15
KS,LTER_Exp,Pocillopora,34,0,100,5,15
KS,LTER_Exp,Pocillopora,21,0,100,5,15
KS,LTER_Exp,Pocillopora,16,0,0,5,15
KS,LTER_Exp,Acropora,26,0,100,5,15
KS,LTER_Exp,Pocillopora,15,0,0,5,15
KS,LTER_Exp,Pocillopora,31,0,0,5,15
KS,LTER_Exp,Pocillopora,13,0,0,5,15
KS,LTER_Exp,Pocillopora,22,0,0,5,15
KS,LTER_Exp,Pocillopora,10,0,0,5,15
KS,LTER_Exp,Pocillopora,22,0,0,5,15
KS,LTER_Exp,Pocillopora,16,0,0,5,15
KS,LTER_Exp,Pocillopora,26,0,100,5,15
KS,LTER_Exp,Pocillopora,44,0,100,5,15
KS,LTER_Exp,Pocillopora,24,0,0,5,15
KS,LTER_Exp,Pocillopora,22,0,0,5,15
KS,LTER_Exp,Acropora,39,15,75,5,15
KS,LTER_Exp,Pocillopora,18,0,0,5,15
KS,LTER_Exp,Pocillopora,25,0,0,5,15
KS,LTER_Exp,Pocillopora,37,0,100,5,15
KS,LTER_Exp,Pocillopora,15,0,0,5,15
KS,LTER_Exp,Acropora,12,30,0,5,15
KS,LTER_Exp,Pocillopora,18,0,0,5,15
KS,LTER_Exp,Pocillopora,16,0,0,5,15
KS,LTER_Exp,Pocillopora,16,0,0,5,15
KS,LTER_Exp,Pocillopora,17,0,0,5,15
KS,LTER_Exp,Pocillopora,19,0,0,5,15
KS,LTER_Exp,Pocillopora,24,0,0,5,15
KS,LTER_Exp,Pocillopora,43,0,100,5,15
KS,LTER_Exp,Pocillopora,22,0,0,5,15
KS,LTER_Exp,Pocillopora,37,0,100,5,15
KS,LTER_Exp,Acropora,17,10,35,5,15
KS,LTER_Exp,Pocillopora,25,0,0,6,15
KS,LTER_Exp,Pocillopora,11,0,0,6,15
KS,LTER_Exp,Pocillopora,15,0,0,6,15
KS,LTER_Exp,Pocillopora,35,0,100,6,15
KS,LTER_Exp,Pocillopora,30,0,100,6,15
KS,LTER_Exp,Pocillopora,9,0,0,6,15
KS,LTER_Exp,Pocillopora,16,0,0,6,15
KS,LTER_Exp,Pocillopora,21,0,100,6,15
KS,LTER_Exp,Pocillopora,31,0,0,6,15
KS,LTER_Exp,Pocillopora,32,0,100,6,15
KS,LTER_Exp,Pocillopora,27,0,100,6,15
KS,LTER_Exp,Pocillopora,12,0,100,6,15
KS,LTER_Exp,Acropora,17,0,100,6,15
KS,LTER_Exp,Pocillopora,19,0,0,6,15
KS,LTER_Exp,Acropora,25,0,0,6,15
KS,LTER_Exp,Pocillopora,18,0,0,6,15
KS,LTER_Exp,Pocillopora,25,0,0,6,15
KS,LTER_Exp,Pocillopora,8,0,0,6,15
KS,LTER_Exp,Pocillopora,26,0,0,6,15
KS,LTER_Exp,Pocillopora,7,0,0,6,15
KS,LTER_Exp,Pocillopora,17,0,100,6,15
KS,LTER_Exp,Pocillopora,20,0,0,6,15
KS,LTER_Exp,Acropora,34,0,0,6,15
KS,LTER_Exp,Acropora,27,0,0,6,15
KS,LTER_Exp,Pocillopora,28,0,0,6,15
KS,LTER_Exp,Pocillopora,26,0,0,6,15
KS,LTER_Exp,Pocillopora,20,0,0,6,15
KS,LTER_Exp,Pocillopora,25,0,0,6,15
KS,LTER_Exp,Pocillopora,15,0,40,6,15
KS,LTER_Exp,Pocillopora,45,0,100,6,15
KS,LTER_Exp,Pocillopora,21,0,10,6,15
KS,LTER_Exp,Pocillopora,18,0,0,6,15
KS,LTER_Exp,Pocillopora,11,0,0,6,15
KS,LTER_Exp,Pocillopora,38,0,100,6,15
KS,LTER_Exp,Pocillopora,12,0,0,6,15
KS,LTER_Exp,Acropora,28,80,0,6,15
KS,LTER_Exp,Pocillopora,43,0,100,6,15
KS,LTER_Exp,Pocillopora,20,0,0,6,15
KS,LTER_Exp,Pocillopora,11,0,0,6,15
KS,LTER_Exp,Pocillopora,25,0,25,6,15
KS,LTER_Exp,Acropora,15,0,100,6,15
KS,LTER_Exp,Pocillopora,17,0,0,6,15
KS,LTER_Exp,Pocillopora,28,0,0,6,15
KS,LTER_Exp,Pocillopora,36,0,1,6,15
KS,LTER_Exp,Pocillopora,17,0,0,6,15
KS,LTER_Exp,Pocillopora,38,0,100,6,15
KS,LTER_Exp,Pocillopora,12,0,0,6,15
KS,LTER_Exp,Pocillopora,16,0,0,6,15
KS,LTER_Exp,Pocillopora,18,0,0,6,15
KS,LTER_Exp,Acropora,37,0,0,6,15
KS,LTER_Exp,Pocillopora,7,0,0,6,15
KS,LTER_Exp,Pocillopora,33,0,0,6,15
KS,LTER_Exp,Pocillopora,38,0,100,6,15
KS,LTER_Exp,Pocillopora,14,0,0,6,15
KS,LTER_Exp,Pocillopora,47,0,85,6,15
KS,LTER_Exp,Pocillopora,37,0,100,6,15
KS,LTER_Exp,Pocillopora,23,0,25,6,15
KS,LTER_Exp,Pocillopora,16,0,0,6,15
KS,LTER_Exp,Acropora,30,0,0,6,15
KS,LTER_Exp,Pocillopora,34,0,0,6,15
KS,LTER_Exp,Pocillopora,17,0,0,6,15
KS,LTER_Exp,Pocillopora,17,0,20,6,15
KS,LTER_Exp,Pocillopora,10,0,0,6,15
KS,LTER_Exp,Pocillopora,15,0,0,6,15
KS,LTER_Exp,Pocillopora,14,0,0,6,15
KS,LTER_Exp,Pocillopora,13,0,0,6,15
KS,LTER_Exp,Pocillopora,20,0,0,6,15
KS,LTER_Exp,Pocillopora,10,0,0,6,15
KS,LTER_Exp,Pocillopora,25,0,0,6,15
KS,LTER_Exp,Pocillopora,15,0,0,6,15
KS,LTER_Exp,Pocillopora,20,0,0,6,15
KS,LTER_Exp,Pocillopora,10,0,0,6,15
KS,LTER_Exp,Pocillopora,10,0,0,6,15
KS,LTER_Exp,Pocillopora,14,0,0,6,15
KS,LTER_Exp,Pocillopora,15,0,0,6,15
KS,LTER_Exp,Pocillopora,22,0,0,6,15
KS,LTER_Exp,Pocillopora,16,0,0,6,15
KS,LTER_Exp,Acropora,25,70,0,6,15
KS,LTER_Exp,Pocillopora,36,0,70,6,15
KS,LTER_Exp,Pocillopora,27,0,100,6,15
KS,LTER_Exp,Pocillopora,15,0,0,6,15
KS,LTER_Exp,Acropora,31,0,0,6,15
KS,LTER_Exp,Pocillopora,29,0,80,6,15
KS,LTER_Exp,Pocillopora,20,0,0,6,15
KS,LTER_Exp,Pocillopora,36,0,100,6,15
KS,LTER_Exp,Acropora,8,0,0,6,15
KS,LTER_Exp,Pocillopora,15,0,100,6,15
KS,LTER_Exp,Pocillopora,26,0,0,6,15
KS,LTER_Exp,Pocillopora,21,0,0,6,15
KS,LTER_Exp,Pocillopora,18,0,0,6,15
KS,LTER_Exp,Pocillopora,44,0,100,6,15
KS,LTER_Exp,Pocillopora,17,0,100,6,15
KS,LTER_Exp,Pocillopora,30,0,0,6,15
KS,LTER_Exp,Pocillopora,25,0,0,6,15
KS,LTER_Exp,Pocillopora,24,0,0,6,15
KS,LTER_Exp,Pocillopora,17,0,0,6,15
KS,LTER_Exp,Pocillopora,17,0,0,6,15
KS,LTER_Exp,Pocillopora,37,0,100,6,15
KS,LTER_Exp,Pocillopora,22,0,60,6,15
KS,LTER_Exp,Pocillopora,15,0,0,6,15
KS,LTER_Exp,Pocillopora,20,0,0,6,15
KS,LTER_Exp,Pocillopora,25,0,100,6,15
KS,LTER_Exp,Pocillopora,28,0,0,6,15
KS,LTER_Exp,Pocillopora,23,0,0,6,15
KS,LTER_Exp,Pocillopora,11,0,0,6,15
KS,LTER_Exp,Pocillopora,14,0,0,6,15
KS,LTER_Exp,Pocillopora,12,0,0,6,15
KS,LTER_Exp,Pocillopora,24,0,0,6,15
KS,LTER_Exp,Pocillopora,33,0,100,6,15
KS,LTER_Exp,Acropora,25,0,100,6,15
KS,LTER_Exp,Pocillopora,20,0,0,6,15
KS,LTER_Exp,Pocillopora,18,0,0,6,15
KS,LTER_Exp,Pocillopora,21,0,0,6,15
KS,LTER_Exp,Pocillopora,36,0,0,6,15
KS,LTER_Exp,Pocillopora,16,0,0,6,15
KS,LTER_Exp,Pocillopora,48,0,85,6,15
KS,LTER_Exp,Pocillopora,18,0,20,6,15
KS,LTER_Exp,Pocillopora,8,0,0,6,15
KS,LTER_Exp,Pocillopora,30,0,100,6,15
KS,LTER_Exp,Pocillopora,25,0,100,6,15
KS,LTER_Exp,Pocillopora,37,0,100,6,15
KS,LTER_Exp,Pocillopora,32,0,100,6,15
KS,LTER_Exp,Acropora,26,0,100,6,15
KS,LTER_Exp,Pocillopora,26,0,0,6,15
KS,LTER_Exp,Pocillopora,15,0,0,6,15
KS,LTER_Exp,Pocillopora,15,0,0,6,15
KS,LTER_Exp,Pocillopora,15,0,0,6,15
KS,LTER_Exp,Acropora,6,0,0,6,15
KS,LTER_Exp,Pocillopora,22,0,0,6,15
KS,LTER_Exp,Pocillopora,31,0,95,6,15
KS,LTER_Exp,Pocillopora,30,0,100,6,15
KS,LTER_Exp,Pocillopora,26,0,100,6,15
KS,LTER_Exp,Pocillopora,42,0,100,6,15
KS,LTER_Exp,Pocillopora,15,0,30,6,15
KS,LTER_Exp,Pocillopora,11,0,0,6,15
KS,LTER_Exp,Pocillopora,24,0,100,6,15
KS,LTER_Exp,Pocillopora,17,0,0,6,15
KS,LTER_Exp,Pocillopora,25,0,0,6,15
KS,LTER_Exp,Pocillopora,25,0,100,6,15
KS,LTER_Exp,Pocillopora,30,0,100,6,15
KS,LTER_Exp,Pocillopora,19,0,0,6,15
KS,LTER_Exp,Pocillopora,26,0,20,6,15
KS,LTER_Exp,Pocillopora,38,0,15,6,15
KS,LTER_Exp,Pocillopora,19,0,50,6,15
KS,LTER_Exp,Pocillopora,20,0,0,6,15
KS,LTER_Exp,Pocillopora,31,0,0,6,15
KS,LTER_Exp,Pocillopora,21,0,0,6,15
KS,LTER_Exp,Pocillopora,12,0,0,6,15
KS,LTER_Exp,Pocillopora,18,0,100,6,15
KS,LTER_Exp,Pocillopora,27,0,0,6,15
KS,LTER_Exp,Pocillopora,14,0,100,6,15
KS,LTER_Exp,Pocillopora,14,0,100,6,15
KS,LTER_Exp,Pocillopora,14,0,100,6,15
KS,LTER_Exp,Pocillopora,47,0,0,6,15
KS,LTER_Exp,Acropora,19,0,100,6,15
KS,LTER_Exp,Pocillopora,19,0,0,6,15
KS,LTER_Exp,Pocillopora,10,0,0,6,15
KS,LTER_Exp,Pocillopora,18,0,0,6,15
KS,LTER_Exp,Pocillopora,19,0,0,6,15
KS,LTER_Exp,Pocillopora,27,0,10,6,15
KS,LTER_Exp,Pocillopora,17,0,0,6,15
KS,LTER_Exp,Pocillopora,6,0,0,6,15
KS,LTER_Exp,Pocillopora,6,0,0,6,15
KS,LTER_Exp,Pocillopora,30,0,1,6,15
KS,LTER_Exp,Pocillopora,40,0,100,6,15
KS,LTER_Exp,Pocillopora,27,0,100,6,15
KS,LTER_Exp,Pocillopora,23,0,0,6,15
KS,LTER_Exp,Pocillopora,33,0,100,6,15
KS,LTER_Exp,Pocillopora,20,0,0,6,15
KS,LTER_Exp,Pocillopora,24,0,0,6,15
KS,LTER_Exp,Pocillopora,28,0,90,6,15
KS,LTER_Exp,Pocillopora,29,0,0,6,15
KS,LTER_Exp,Pocillopora,11,0,0,6,15
KS,LTER_Exp,Pocillopora,12,0,0,6,15
KS,LTER_Exp,Pocillopora,20,0,0,6,15
KS,LTER_Exp,Pocillopora,18,0,0,6,15
KS,LTER_Exp,Pocillopora,26,0,0,6,15
KS,LTER_Exp,Pocillopora,19,0,0,6,15
KS,LTER_Exp,Pocillopora,13,0,50,6,15
KS,LTER_Exp,Pocillopora,14,0,40,6,15
KS,LTER_Exp,Pocillopora,7,0,0,6,15
KS,LTER_Exp,Pocillopora,35,0,100,6,15
KS,LTER_Exp,Acropora,13,0,100,6,15
KS,LTER_Exp,Pocillopora,35,0,100,6,15
KS,LTER_Exp,Pocillopora,21,0,100,6,15
KS,LTER_Exp,Pocillopora,6,0,0,6,15
KS,LTER_Exp,Pocillopora,25,0,0,6,15
KS,LTER_Exp,Pocillopora,34,0,90,6,15
KS,LTER_Exp,Pocillopora,40,0,100,6,15
KS,LTER_Exp,Acropora,12,0,100,6,15
KS,LTER_Exp,Acropora,28,0,0,6,15
KS,LTER_Exp,Pocillopora,15,0,0,6,15
KS,LTER_Exp,Pocillopora,16,0,100,6,15
KS,LTER_Exp,Pocillopora,7,0,0,6,15
KS,LTER_Exp,Acropora,26,0,100,6,15
KS,LTER_Exp,Pocillopora,33,0,100,6,15
KS,LTER_Exp,Pocillopora,33,0,100,6,15
KS,LTER_Exp,Pocillopora,12,0,0,6,15
KS,LTER_Exp,Pocillopora,30,0,100,6,15
KS,LTER_Exp,Pocillopora,26,0,100,6,15
KS,LTER_Exp,Pocillopora,12,0,0,6,15
KS,LTER_Exp,Pocillopora,11,0,0,6,15
KS,LTER_Exp,Pocillopora,23,0,0,6,15
KS,LTER_Exp,Pocillopora,21,0,0,6,15
KS,LTER_Exp,Pocillopora,20,0,5,6,15
KS,LTER_Exp,Pocillopora,10,0,30,6,15
KS,LTER_Exp,Pocillopora,23,0,0,6,15
KS,LTER_Exp,Pocillopora,48,0,100,6,15
KS,LTER_Exp,Pocillopora,43,0,100,6,15
KS,LTER_Exp,Acropora,35,80,5,6,15
KS,LTER_Exp,Pocillopora,17,0,0,6,15
KS,LTER_Exp,Pocillopora,17,0,0,6,15
KS,LTER_Exp,Pocillopora,27,0,0,6,15
KS,LTER_Exp,Pocillopora,30,0,0,6,15
KS,LTER_Exp,Pocillopora,26,0,100,6,15
KS,LTER_Exp,Pocillopora,16,0,0,6,15
KS,LTER_Exp,Pocillopora,15,0,0,6,15
KS,LTER_Exp,Pocillopora,15,0,100,6,15
KS,LTER_Exp,Pocillopora,37,0,100,6,15
KS,LTER_Exp,Pocillopora,17,0,0,6,15
KS,LTER_Exp,Pocillopora,20,0,0,6,15
KS,LTER_Exp,Acropora,10,0,0,6,15
KS,LTER_Exp,Pocillopora,20,0,0,6,15
KS,LTER_Exp,Pocillopora,27,0,0,6,15
KS,LTER_Exp,Pocillopora,26,0,0,6,15
KS,LTER_Exp,Pocillopora,30,0,100,6,15
KS,LTER_Exp,Pocillopora,15,0,0,6,15
KS,LTER_Exp,Pocillopora,26,0,0,6,15
KS,LTER_Exp,Pocillopora,23,0,0,6,15
KS,LTER_Exp,Pocillopora,16,0,0,6,15
KS,LTER_Exp,Pocillopora,40,0,100,6,15
KS,LTER_Exp,Pocillopora,18,0,20,6,15
KS,LTER_Exp,Pocillopora,9,0,30,6,15
KS,LTER_Exp,Pocillopora,16,0,0,6,15
KS,LTER_Exp,Pocillopora,24,0,100,6,15
KS,LTER_Exp,Pocillopora,15,0,0,6,15
KS,LTER_Exp,Pocillopora,19,0,100,6,15
KS,LTER_Exp,Acropora,29,80,0,6,15
KS,LTER_Exp,Pocillopora,10,0,0,6,15
KS,LTER_Exp,Pocillopora,6,0,0,6,15
KS,LTER_Exp,Pocillopora,7,0,0,6,15
KS,LTER_Exp,Pocillopora,15,0,10,6,15
KS,LTER_Exp,Acropora,20,0,100,6,15
KS,LTER_Exp,Pocillopora,32,0,100,6,15
KS,LTER_Exp,Pocillopora,17,0,0,6,15
KS,LTER_Exp,Pocillopora,25,0,50,6,15
KS,LTER_Exp,Pocillopora,14,0,0,6,15
KS,LTER_Exp,Pocillopora,14,0,0,6,15
KS,LTER_Exp,Pocillopora,20,0,0,6,15
KS,LTER_Exp,Pocillopora,19,0,0,6,15
KS,LTER_Exp,Pocillopora,24,0,100,6,15
KS,LTER_Exp,Pocillopora,11,0,0,6,15
KS,LTER_Exp,Pocillopora,14,0,0,7,15
KS,LTER_Exp,Pocillopora,19,0,0,7,15
KS,LTER_Exp,Pocillopora,12,0,0,7,15
KS,LTER_Exp,Pocillopora,22,0,0,7,15
KS,LTER_Exp,Pocillopora,18,80,0,7,15
KS,LTER_Exp,Pocillopora,17,0,0,7,15
KS,LTER_Exp,Pocillopora,25,0,20,7,15
KS,LTER_Exp,Pocillopora,13,0,0,7,15
KS,LTER_Exp,Pocillopora,27,0,15,7,15
KS,LTER_Exp,Pocillopora,23,0,0,7,15
KS,LTER_Exp,Pocillopora,15,0,0,7,15
KS,LTER_Exp,Pocillopora,15,0,0,7,15
KS,LTER_Exp,Pocillopora,13,0,20,7,15
KS,LTER_Exp,Pocillopora,13,0,50,7,15
KS,LTER_Exp,Pocillopora,11,0,100,7,15
KS,LTER_Exp,Pocillopora,37,0,50,7,15
KS,LTER_Exp,Pocillopora,35,0,50,7,15
KS,LTER_Exp,Pocillopora,18,0,0,7,15
KS,LTER_Exp,Pocillopora,38,0,100,7,15
KS,LTER_Exp,Pocillopora,16,0,0,7,15
KS,LTER_Exp,Pocillopora,13,0,0,7,15
KS,LTER_Exp,Pocillopora,17,0,0,7,15
KS,LTER_Exp,Pocillopora,18,0,0,7,15
KS,LTER_Exp,Pocillopora,13,0,0,7,15
KS,LTER_Exp,Pocillopora,13,0,0,7,15
KS,LTER_Exp,Pocillopora,38,10,90,7,15
KS,LTER_Exp,Pocillopora,12,0,0,7,15
KS,LTER_Exp,Pocillopora,35,0,100,7,15
KS,LTER_Exp,Pocillopora,12,0,100,7,15
KS,LTER_Exp,Pocillopora,17,0,100,7,15
KS,LTER_Exp,Pocillopora,19,0,0,7,15
KS,LTER_Exp,Pocillopora,14,0,0,7,15
KS,LTER_Exp,Pocillopora,10,0,0,7,15
KS,LTER_Exp,Pocillopora,10,0,0,7,15
KS,LTER_Exp,Pocillopora,40,0,85,7,15
KS,LTER_Exp,Pocillopora,26,0,0,7,15
KS,LTER_Exp,Pocillopora,19,0,100,7,15
KS,LTER_Exp,Pocillopora,22,0,0,7,15
KS,LTER_Exp,Pocillopora,22,0,40,7,15
KS,LTER_Exp,Acropora,24,0,100,7,15
KS,LTER_Exp,Pocillopora,10,0,0,7,15
KS,LTER_Exp,Pocillopora,25,0,95,7,15
KS,LTER_Exp,Pocillopora,22,0,0,7,15
KS,LTER_Exp,Pocillopora,25,10,15,7,15
KS,LTER_Exp,Pocillopora,11,0,0,7,15
KS,LTER_Exp,Pocillopora,16,0,0,7,15
KS,LTER_Exp,Acropora,24,0,0,7,15
KS,LTER_Exp,Acropora,18,0,0,7,15
KS,LTER_Exp,Pocillopora,15,0,0,7,15
KS,LTER_Exp,Pocillopora,20,0,0,7,15
KS,LTER_Exp,Pocillopora,23,20,0,7,15
KS,LTER_Exp,Pocillopora,37,0,100,7,15
KS,LTER_Exp,Pocillopora,27,0,0,7,15
KS,LTER_Exp,Pocillopora,32,0,100,7,15
KS,LTER_Exp,Pocillopora,19,0,0,7,15
KS,LTER_Exp,Pocillopora,10,0,0,7,15
KS,LTER_Exp,Pocillopora,25,0,10,7,15
KS,LTER_Exp,Acropora,17,0,100,7,15
KS,LTER_Exp,Pocillopora,20,0,5,7,15
KS,LTER_Exp,Pocillopora,33,0,100,7,15
KS,LTER_Exp,Pocillopora,7,0,0,7,15
KS,LTER_Exp,Pocillopora,7,0,0,7,15
KS,LTER_Exp,Pocillopora,7,0,0,7,15
KS,LTER_Exp,Pocillopora,31,0,0,7,15
KS,LTER_Exp,Pocillopora,19,0,0,7,15
KS,LTER_Exp,Pocillopora,17,0,0,7,15
KS,LTER_Exp,Pocillopora,16,0,0,7,15
KS,LTER_Exp,Pocillopora,19,0,0,7,15
KS,LTER_Exp,Pocillopora,36,0,90,7,15
KS,LTER_Exp,Pocillopora,8,0,0,7,15
KS,LTER_Exp,Pocillopora,11,0,0,7,15
KS,LTER_Exp,Pocillopora,14,0,50,7,15
KS,LTER_Exp,Pocillopora,19,0,0,7,15
KS,LTER_Exp,Pocillopora,34,0,100,7,15
KS,LTER_Exp,Pocillopora,35,0,90,7,15
KS,LTER_Exp,Acropora,18,0,100,7,15
KS,LTER_Exp,Pocillopora,26,0,0,7,15
KS,LTER_Exp,Pocillopora,23,0,80,7,15
KS,LTER_Exp,Pocillopora,14,0,100,7,15
KS,LTER_Exp,Pocillopora,16,0,100,7,15
KS,LTER_Exp,Pocillopora,29,0,0,7,15
KS,LTER_Exp,Pocillopora,18,0,0,7,15
KS,LTER_Exp,Pocillopora,28,0,20,7,15
KS,LTER_Exp,Pocillopora,17,0,0,7,15
KS,LTER_Exp,Pocillopora,17,0,0,7,15
KS,LTER_Exp,Pocillopora,27,0,0,7,15
KS,LTER_Exp,Pocillopora,22,0,0,7,15
KS,LTER_Exp,Pocillopora,14,0,0,7,15
KS,LTER_Exp,Pocillopora,14,0,0,7,15
KS,LTER_Exp,Pocillopora,31,0,100,7,15
KS,LTER_Exp,Pocillopora,12,0,0,7,15
KS,LTER_Exp,Pocillopora,26,0,0,7,15
KS,LTER_Exp,Pocillopora,17,0,0,7,15
KS,LTER_Exp,Pocillopora,18,0,40,7,15
KS,LTER_Exp,Pocillopora,14,0,0,7,15
KS,LTER_Exp,Pocillopora,25,0,90,7,15
KS,LTER_Exp,Pocillopora,37,0,100,7,15
KS,LTER_Exp,Pocillopora,12,0,0,7,15
KS,LTER_Exp,Pocillopora,24,0,100,7,15
KS,LTER_Exp,Pocillopora,37,0,100,7,15
KS,LTER_Exp,Acropora,22,50,0,7,15
KS,LTER_Exp,Pocillopora,23,0,0,7,15
KS,LTER_Exp,Pocillopora,19,0,0,7,15
KS,LTER_Exp,Pocillopora,17,0,0,7,15
KS,LTER_Exp,Pocillopora,14,0,100,7,15
KS,LTER_Exp,Pocillopora,31,0,0,7,15
KS,LTER_Exp,Pocillopora,22,0,0,7,15
KS,LTER_Exp,Pocillopora,25,0,0,7,15
KS,LTER_Exp,Pocillopora,10,0,0,7,15
KS,LTER_Exp,Acropora,37,0,95,7,15
KS,LTER_Exp,Pocillopora,20,0,0,7,15
KS,LTER_Exp,Pocillopora,30,0,100,7,15
KS,LTER_Exp,Pocillopora,31,0,100,7,15
KS,LTER_Exp,Pocillopora,15,0,0,7,15
KS,LTER_Exp,Pocillopora,13,0,100,7,15
KS,LTER_Exp,Pocillopora,11,0,0,7,15
KS,LTER_Exp,Pocillopora,21,0,0,7,15
KS,LTER_Exp,Pocillopora,15,0,0,7,15
KS,LTER_Exp,Pocillopora,11,0,0,7,15
KS,LTER_Exp,Pocillopora,20,0,0,7,15
KS,LTER_Exp,Pocillopora,22,0,0,7,15
KS,LTER_Exp,Pocillopora,41,0,100,7,15
KS,LTER_Exp,Pocillopora,12,0,0,7,15
KS,LTER_Exp,Pocillopora,25,0,100,7,15
KS,LTER_Exp,Pocillopora,38,0,100,7,15
KS,LTER_Exp,Acropora,30,0,100,7,15
KS,LTER_Exp,Pocillopora,31,0,100,7,15
KS,LTER_Exp,Pocillopora,25,0,100,7,15
KS,LTER_Exp,Pocillopora,26,0,0,7,15
KS,LTER_Exp,Pocillopora,27,0,100,7,15
KS,LTER_Exp,Pocillopora,50,0,100,7,15
KS,LTER_Exp,Pocillopora,18,0,0,7,15
KS,LTER_Exp,Pocillopora,13,0,0,7,15
KS,LTER_Exp,Pocillopora,13,0,0,7,15
KS,LTER_Exp,Pocillopora,14,0,0,7,15
KS,LTER_Exp,Pocillopora,15,0,0,7,15
KS,LTER_Exp,Acropora,12,0,0,7,15
KS,LTER_Exp,Pocillopora,14,0,0,7,15
KS,LTER_Exp,Pocillopora,28,0,100,7,15
KS,LTER_Exp,Pocillopora,18,0,0,7,15
KS,LTER_Exp,Pocillopora,25,0,0,7,15
KS,LTER_Exp,Pocillopora,14,0,0,7,15
KS,LTER_Exp,Pocillopora,16,0,0,7,15
KS,LTER_Exp,Pocillopora,23,0,90,7,15
KS,LTER_Exp,Pocillopora,32,0,100,7,15
KS,LTER_Exp,Pocillopora,38,0,100,7,15
KS,LTER_Exp,Pocillopora,18,0,0,7,15
KS,LTER_Exp,Pocillopora,11,0,0,7,15
KS,LTER_Exp,Pocillopora,18,0,0,7,15
KS,LTER_Exp,Pocillopora,26,50,0,7,15
KS,LTER_Exp,Pocillopora,30,0,100,7,15
KS,LTER_Exp,Acropora,33,100,0,7,15
KS,LTER_Exp,Pocillopora,20,0,100,7,15
KS,LTER_Exp,Pocillopora,19,0,0,7,15
KS,LTER_Exp,Pocillopora,18,0,0,7,15
KS,LTER_Exp,Pocillopora,35,0,100,7,15
KS,LTER_Exp,Pocillopora,22,0,0,7,15
KS,LTER_Exp,Acropora,30,90,0,7,15
KS,LTER_Exp,Acropora,25,50,20,7,15
KS,LTER_Exp,Acropora,10,0,100,7,15
KS,LTER_Exp,Pocillopora,17,0,0,7,15
KS,LTER_Exp,Pocillopora,33,0,95,7,15
KS,LTER_Exp,Pocillopora,27,0,0,7,15
KS,LTER_Exp,Pocillopora,15,0,0,7,15
KS,LTER_Exp,Pocillopora,17,0,0,7,15
KS,LTER_Exp,Pocillopora,10,0,0,7,15
KS,LTER_Exp,Pocillopora,13,0,0,7,15
KS,LTER_Exp,Pocillopora,20,0,0,7,15
KS,LTER_Exp,Pocillopora,20,0,0,7,15
KS,LTER_Exp,Pocillopora,23,0,0,7,15
KS,LTER_Exp,Pocillopora,17,0,0,7,15
KS,LTER_Exp,Pocillopora,17,0,50,7,15
KS,LTER_Exp,Pocillopora,17,0,0,7,15
KS,LTER_Exp,Pocillopora,15,0,100,7,15
KS,LTER_Exp,Pocillopora,24,0,100,7,15
KS,LTER_Exp,Pocillopora,12,0,70,7,15
KS,LTER_Exp,Pocillopora,11,0,0,7,15
KS,LTER_Exp,Pocillopora,25,0,0,7,15
KS,LTER_Exp,Pocillopora,12,0,40,7,15
KS,LTER_Exp,Pocillopora,25,0,0,7,15
KS,LTER_Exp,Pocillopora,13,0,0,7,15
KS,LTER_Exp,Pocillopora,10,0,0,7,15
KS,LTER_Exp,Pocillopora,14,0,0,7,15
KS,LTER_Exp,Pocillopora,28,0,0,7,15
KS,LTER_Exp,Pocillopora,47,0,10,7,15
KS,LTER_Exp,Pocillopora,15,0,0,7,15
KS,LTER_Exp,Pocillopora,13,0,0,7,15
KS,LTER_Exp,Pocillopora,15,0,0,7,15
KS,LTER_Exp,Pocillopora,12,0,0,7,15
KS,LTER_Exp,Pocillopora,13,0,0,7,15
KS,LTER_Exp,Pocillopora,20,0,0,7,15
KS,LTER_Exp,Pocillopora,20,0,0,7,15
KS,LTER_Exp,Pocillopora,22,0,0,7,15
KS,LTER_Exp,Pocillopora,25,0,70,7,15
KS,LTER_Exp,Pocillopora,11,0,0,7,15
KS,LTER_Exp,Pocillopora,28,0,100,7,15
KS,LTER_Exp,Pocillopora,22,0,0,7,15
KS,LTER_Exp,Pocillopora,15,0,0,7,15
KS,LTER_Exp,Pocillopora,11,0,0,7,15
KS,LTER_Exp,Pocillopora,15,0,0,7,15
KS,LTER_Exp,Pocillopora,20,0,0,7,15
KS,LTER_Exp,Pocillopora,12,0,0,7,15
KS,LTER_Exp,Pocillopora,22,0,0,7,15
KS,LTER_Exp,Pocillopora,22,0,0,7,15
KS,LTER_Exp,Pocillopora,12,0,0,7,15
KS,LTER_Exp,Pocillopora,12,0,0,7,15
KS,LTER_Exp,Pocillopora,16,0,100,7,15
KS,LTER_Exp,Pocillopora,16,0,0,7,15
KS,LTER_Exp,Pocillopora,34,0,100,7,15
KS,LTER_Exp,Pocillopora,18,0,0,7,15
KS,LTER_Exp,Pocillopora,18,0,0,7,15
KS,LTER_Exp,Pocillopora,31,0,70,7,15
KS,LTER_Exp,Pocillopora,13,0,0,7,15
KS,LTER_Exp,Pocillopora,13,0,0,7,15
KS,LTER_Exp,Pocillopora,17,0,0,7,15
KS,LTER_Exp,Pocillopora,27,0,0,7,15
KS,LTER_Exp,Pocillopora,24,0,100,7,15
KS,LTER_Exp,Pocillopora,9,0,0,7,15
KS,LTER_Exp,Pocillopora,18,0,0,7,15
KS,LTER_Exp,Pocillopora,38,0,30,7,15
KS,LTER_Exp,Pocillopora,23,0,0,7,15
KS,LTER_Exp,Pocillopora,28,0,90,7,15
KS,LTER_Exp,Pocillopora,21,0,0,7,15
KS,LTER_Exp,Pocillopora,23,0,0,7,15
KS,LTER_Exp,Pocillopora,18,0,0,7,15
KS,LTER_Exp,Pocillopora,29,0,0,7,15
KS,LTER_Exp,Pocillopora,41,0,100,7,15
KS,LTER_Exp,Pocillopora,30,0,85,7,15
KS,LTER_Exp,Pocillopora,13,0,0,7,15
KS,LTER_Exp,Pocillopora,37,0,100,7,15
KS,LTER_Exp,Pocillopora,35,0,100,7,15
KS,LTER_Exp,Pocillopora,14,0,0,7,15
KS,LTER_Exp,Pocillopora,12,0,0,7,15
KS,LTER_Exp,Pocillopora,9,0,0,7,15
KS,LTER_Exp,Pocillopora,23,0,0,7,15
KS,LTER_Exp,Pocillopora,15,0,100,7,15
KS,LTER_Exp,Pocillopora,11,0,0,7,15
KS,LTER_Exp,Pocillopora,30,0,0,7,15
KS,LTER_Exp,Pocillopora,42,0,90,7,15
KS,LTER_Exp,Pocillopora,18,0,0,7,15
KS,LTER_Exp,Pocillopora,37,0,100,7,15
KS,LTER_Exp,Pocillopora,21,0,70,7,15
KS,LTER_Exp,Pocillopora,18,0,0,7,15
KS,LTER_Exp,Pocillopora,34,0,100,7,15
KS,LTER_Exp,Acropora,24,0,100,7,15
KS,LTER_Exp,Pocillopora,34,0,100,7,15
KS,LTER_Exp,Pocillopora,20,0,0,7,15
KS,LTER_Exp,Pocillopora,18,0,0,7,15
KS,LTER_Exp,Acropora,26,0,100,7,15
KS,LTER_Exp,Acropora,15,0,60,7,15
KS,LTER_Exp,Pocillopora,12,0,0,7,15
KS,LTER_Exp,Pocillopora,13,0,0,7,15
KS,LTER_Exp,Pocillopora,10,0,0,7,15
KS,LTER_Exp,Pocillopora,37,0,5,7,15
KS,LTER_Exp,Pocillopora,12,0,0,7,15
KS,LTER_Exp,Pocillopora,15,0,0,7,15
KS,LTER_Exp,Pocillopora,15,0,0,7,15
KS,LTER_Exp,Pocillopora,13,0,0,7,15
KS,LTER_Exp,Pocillopora,19,0,0,7,15
KS,LTER_Exp,Pocillopora,14,0,0,7,15
KS,LTER_Exp,Pocillopora,12,0,0,7,15
KS,LTER_Exp,Pocillopora,22,0,100,7,15
KS,LTER_Exp,Pocillopora,17,0,30,7,15
KS,LTER_Exp,Pocillopora,17,0,0,7,15
KS,LTER_Exp,Pocillopora,12,0,0,7,15
KS,LTER_Exp,Pocillopora,29,0,0,7,15
KS,LTER_Exp,Pocillopora,27,0,100,7,15
KS,LTER_Exp,Pocillopora,35,0,65,7,15
KS,LTER_Exp,Pocillopora,13,0,25,7,15
KS,LTER_Exp,Pocillopora,18,0,0,7,15
KS,LTER_Exp,Pocillopora,19,0,0,7,15
KS,LTER_Exp,Pocillopora,17,0,0,7,15
KS,LTER_Exp,Pocillopora,35,0,100,7,15
KS,LTER_Exp,Pocillopora,13,0,100,7,15
KS,LTER_Exp,Pocillopora,13,0,0,7,15
KS,LTER_Exp,Pocillopora,22,0,0,8,15
KS,LTER_Exp,Pocillopora,28,0,0,8,15
KS,LTER_Exp,Pocillopora,19,0,10,8,15
KS,LTER_Exp,Acropora,26,0,100,8,15
KS,LTER_Exp,Pocillopora,14,0,0,8,15
KS,LTER_Exp,Pocillopora,27,0,0,8,15
KS,LTER_Exp,Pocillopora,16,0,25,8,15
KS,LTER_Exp,Pocillopora,20,0,0,8,15
KS,LTER_Exp,Pocillopora,7,0,0,8,15
KS,LTER_Exp,Pocillopora,15,0,0,8,15
KS,LTER_Exp,Pocillopora,15,0,0,8,15
KS,LTER_Exp,Pocillopora,32,0,0,8,15
KS,LTER_Exp,Pocillopora,6,0,0,8,15
KS,LTER_Exp,Pocillopora,21,0,0,8,15
KS,LTER_Exp,Acropora,6,0,0,8,15
KS,LTER_Exp,Pocillopora,28,0,0,8,15
KS,LTER_Exp,Pocillopora,35,0,100,8,15
KS,LTER_Exp,Pocillopora,32,0,0,8,15
KS,LTER_Exp,Pocillopora,12,0,0,8,15
KS,LTER_Exp,Acropora,22,0,100,8,15
KS,LTER_Exp,Acropora,16,0,100,8,15
KS,LTER_Exp,Acropora,22,0,95,8,15
KS,LTER_Exp,Pocillopora,27,0,0,8,15
KS,LTER_Exp,Pocillopora,35,0,100,8,15
KS,LTER_Exp,Pocillopora,16,0,0,8,15
KS,LTER_Exp,Pocillopora,16,0,0,8,15
KS,LTER_Exp,Pocillopora,30,0,100,8,15
KS,LTER_Exp,Acropora,19,100,0,8,15
KS,LTER_Exp,Pocillopora,15,0,0,8,15
KS,LTER_Exp,Pocillopora,27,0,0,8,15
KS,LTER_Exp,Pocillopora,27,0,100,8,15
KS,LTER_Exp,Pocillopora,10,0,0,8,15
KS,LTER_Exp,Pocillopora,12,0,0,8,15
KS,LTER_Exp,Pocillopora,20,0,0,8,15
KS,LTER_Exp,Pocillopora,20,0,100,8,15
KS,LTER_Exp,Pocillopora,38,0,0,8,15
KS,LTER_Exp,Pocillopora,15,0,0,8,15
KS,LTER_Exp,Pocillopora,14,0,0,8,15
KS,LTER_Exp,Pocillopora,27,0,0,8,15
KS,LTER_Exp,Pocillopora,10,0,0,8,15
KS,LTER_Exp,Pocillopora,19,0,0,8,15
KS,LTER_Exp,Pocillopora,22,0,0,8,15
KS,LTER_Exp,Pocillopora,36,0,100,8,15
KS,LTER_Exp,Pocillopora,38,0,95,8,15
KS,LTER_Exp,Pocillopora,21,0,0,8,15
KS,LTER_Exp,Pocillopora,22,0,100,8,15
KS,LTER_Exp,Acropora,24,0,100,8,15
KS,LTER_Exp,Pocillopora,8,0,10,8,15
KS,LTER_Exp,Pocillopora,27,0,5,8,15
KS,LTER_Exp,Pocillopora,11,0,0,8,15
KS,LTER_Exp,Pocillopora,35,0,80,8,15
KS,LTER_Exp,Pocillopora,31,0,100,8,15
KS,LTER_Exp,Pocillopora,28,0,100,8,15
KS,LTER_Exp,Pocillopora,22,0,100,8,15
KS,LTER_Exp,Pocillopora,34,0,0,8,15
KS,LTER_Exp,Pocillopora,30,10,65,8,15
KS,LTER_Exp,Pocillopora,32,0,50,8,15
KS,LTER_Exp,Pocillopora,26,0,0,8,15
KS,LTER_Exp,Pocillopora,36,0,50,8,15
KS,LTER_Exp,Pocillopora,16,0,0,8,15
KS,LTER_Exp,Acropora,23,0,100,8,15
KS,LTER_Exp,Pocillopora,10,0,0,8,15
KS,LTER_Exp,Acropora,31,0,100,8,15
KS,LTER_Exp,Pocillopora,16,0,0,8,15
KS,LTER_Exp,Pocillopora,13,0,0,8,15
KS,LTER_Exp,Pocillopora,32,0,0,8,15
KS,LTER_Exp,Pocillopora,12,0,0,8,15
KS,LTER_Exp,Pocillopora,32,0,0,8,15
KS,LTER_Exp,Acropora,43,100,0,8,15
KS,LTER_Exp,Pocillopora,37,0,90,8,15
KS,LTER_Exp,Pocillopora,27,0,0,8,15
KS,LTER_Exp,Pocillopora,22,0,0,8,15
KS,LTER_Exp,Pocillopora,17,0,0,8,15
KS,LTER_Exp,Pocillopora,12,0,0,8,15
KS,LTER_Exp,Pocillopora,15,0,100,8,15
KS,LTER_Exp,Pocillopora,19,0,0,8,15
KS,LTER_Exp,Pocillopora,15,0,0,8,15
KS,LTER_Exp,Pocillopora,19,0,0,8,15
KS,LTER_Exp,Pocillopora,22,0,100,8,15
KS,LTER_Exp,Pocillopora,25,0,0,8,15
KS,LTER_Exp,Pocillopora,13,0,0,8,15
KS,LTER_Exp,Pocillopora,15,0,0,8,15
KS,LTER_Exp,Pocillopora,10,0,0,8,15
KS,LTER_Exp,Pocillopora,16,0,0,8,15
KS,LTER_Exp,Pocillopora,16,0,0,8,15
KS,LTER_Exp,Pocillopora,24,0,100,8,15
KS,LTER_Exp,Pocillopora,37,0,50,8,15
KS,LTER_Exp,Pocillopora,40,0,95,8,15
KS,LTER_Exp,Pocillopora,17,0,0,8,15
KS,LTER_Exp,Pocillopora,12,0,0,8,15
KS,LTER_Exp,Pocillopora,35,0,0,8,15
KS,LTER_Exp,Pocillopora,13,0,0,8,15
KS,LTER_Exp,Pocillopora,20,0,0,8,15
KS,LTER_Exp,Pocillopora,19,0,0,8,15
KS,LTER_Exp,Pocillopora,19,0,0,8,15
KS,LTER_Exp,Pocillopora,15,0,30,8,15
KS,LTER_Exp,Pocillopora,11,0,0,8,15
KS,LTER_Exp,Pocillopora,19,0,0,8,15
KS,LTER_Exp,Pocillopora,30,0,0,8,15
KS,LTER_Exp,Pocillopora,33,0,100,8,15
KS,LTER_Exp,Pocillopora,33,0,100,8,15
KS,LTER_Exp,Pocillopora,14,0,100,8,15
KS,LTER_Exp,Acropora,32,0,100,8,15
KS,LTER_Exp,Pocillopora,21,0,0,8,15
KS,LTER_Exp,Pocillopora,14,0,0,8,15
KS,LTER_Exp,Pocillopora,14,0,0,8,15
KS,LTER_Exp,Pocillopora,12,0,0,8,15
KS,LTER_Exp,Pocillopora,16,0,0,8,15
KS,LTER_Exp,Pocillopora,21,0,0,8,15
KS,LTER_Exp,Pocillopora,22,0,0,8,15
KS,LTER_Exp,Pocillopora,15,0,0,8,15
KS,LTER_Exp,Pocillopora,30,0,100,8,15
KS,LTER_Exp,Pocillopora,29,0,100,8,15
KS,LTER_Exp,Pocillopora,10,0,0,8,15
KS,LTER_Exp,Pocillopora,10,0,0,8,15
KS,LTER_Exp,Pocillopora,20,0,0,8,15
KS,LTER_Exp,Pocillopora,41,0,100,8,15
KS,LTER_Exp,Pocillopora,25,0,100,8,15
KS,LTER_Exp,Pocillopora,19,0,0,8,15
KS,LTER_Exp,Pocillopora,25,0,0,8,15
KS,LTER_Exp,Pocillopora,19,0,0,8,15
KS,LTER_Exp,Pocillopora,11,0,0,8,15
KS,LTER_Exp,Pocillopora,17,0,0,8,15
KS,LTER_Exp,Pocillopora,30,0,0,8,15
KS,LTER_Exp,Pocillopora,27,0,0,8,15
KS,LTER_Exp,Acropora,14,0,100,8,15
KS,LTER_Exp,Pocillopora,20,0,5,8,15
KS,LTER_Exp,Pocillopora,21,0,85,8,15
KS,LTER_Exp,Pocillopora,14,0,0,8,15
KS,LTER_Exp,Pocillopora,20,0,0,8,15
KS,LTER_Exp,Acropora,24,50,0,8,15
KS,LTER_Exp,Pocillopora,33,0,20,8,15
KS,LTER_Exp,Pocillopora,25,0,100,8,15
KS,LTER_Exp,Pocillopora,37,0,100,8,15
KS,LTER_Exp,Pocillopora,37,0,100,8,15
KS,LTER_Exp,Pocillopora,12,0,0,8,15
KS,LTER_Exp,Pocillopora,15,0,0,8,15
KS,LTER_Exp,Pocillopora,18,0,0,8,15
KS,LTER_Exp,Pocillopora,28,0,0,8,15
KS,LTER_Exp,Acropora,20,0,100,8,15
KS,LTER_Exp,Pocillopora,42,0,100,8,15
KS,LTER_Exp,Pocillopora,35,0,100,8,15
KS,LTER_Exp,Acropora,21,0,100,8,15
KS,LTER_Exp,Pocillopora,30,0,100,8,15
KS,LTER_Exp,Acropora,40,30,15,8,15
KS,LTER_Exp,Pocillopora,33,0,100,8,15
KS,LTER_Exp,Pocillopora,35,0,10,8,15
KS,LTER_Exp,Pocillopora,13,0,0,8,15
KS,LTER_Exp,Pocillopora,30,0,50,8,15
KS,LTER_Exp,Pocillopora,12,0,0,8,15
KS,LTER_Exp,Acropora,32,0,95,8,15
KS,LTER_Exp,Pocillopora,17,0,0,8,15
KS,LTER_Exp,Pocillopora,32,0,95,8,15
KS,LTER_Exp,Pocillopora,15,0,0,8,15
KS,LTER_Exp,Pocillopora,40,0,80,8,15
KS,LTER_Exp,Pocillopora,34,0,95,8,15
KS,LTER_Exp,Pocillopora,15,0,0,8,15
KS,LTER_Exp,Pocillopora,20,0,0,8,15
KS,LTER_Exp,Pocillopora,18,0,0,8,15
KS,LTER_Exp,Pocillopora,25,0,100,8,15
KS,LTER_Exp,Pocillopora,35,0,100,8,15
KS,LTER_Exp,Pocillopora,42,0,100,8,15
KS,LTER_Exp,Acropora,19,0,0,8,15
KS,LTER_Exp,Pocillopora,14,0,0,8,15
KS,LTER_Exp,Pocillopora,14,0,0,8,15
KS,LTER_Exp,Acropora,24,0,100,8,15
KS,LTER_Exp,Pocillopora,27,0,0,8,15
KS,LTER_Exp,Acropora,14,0,0,8,15
KS,LTER_Exp,Pocillopora,35,0,50,8,15
KS,LTER_Exp,Pocillopora,10,0,0,8,15
KS,LTER_Exp,Pocillopora,19,0,0,8,15
KS,LTER_Exp,Pocillopora,16,0,0,8,15
KS,LTER_Exp,Pocillopora,10,0,0,8,15
KS,LTER_Exp,Pocillopora,14,0,0,8,15
KS,LTER_Exp,Pocillopora,16,0,0,8,15
KS,LTER_Exp,Pocillopora,35,0,100,8,15
KS,LTER_Exp,Pocillopora,31,0,100,8,15
KS,LTER_Exp,Pocillopora,30,0,0,8,15
KS,LTER_Exp,Pocillopora,45,0,100,8,15
KS,LTER_Exp,Pocillopora,30,0,40,8,15
KS,LTER_Exp,Pocillopora,16,0,0,8,15
KS,LTER_Exp,Pocillopora,20,0,0,8,15
KS,LTER_Exp,Pocillopora,15,0,0,8,15
KS,LTER_Exp,Pocillopora,26,0,100,8,15
KS,LTER_Exp,Acropora,38,0,100,8,15
KS,LTER_Exp,Pocillopora,12,0,0,8,15
KS,LTER_Exp,Pocillopora,21,0,0,8,15
KS,LTER_Exp,Pocillopora,43,0,100,8,15
KS,LTER_Exp,Acropora,27,0,100,8,15
KS,LTER_Exp,Pocillopora,18,0,0,8,15
KS,LTER_Exp,Pocillopora,18,0,0,8,15
KS,LTER_Exp,Pocillopora,12,0,0,8,15
KS,LTER_Exp,Pocillopora,26,0,0,8,15
KS,LTER_Exp,Pocillopora,20,0,0,8,15
KS,LTER_Exp,Pocillopora,32,0,100,8,15
KS,LTER_Exp,Pocillopora,27,0,100,8,15
KS,LTER_Exp,Pocillopora,17,0,50,8,15
KS,LTER_Exp,Pocillopora,13,0,0,8,15
KS,LTER_Exp,Pocillopora,20,0,0,8,15
KS,LTER_Exp,Pocillopora,23,0,0,8,15
KS,LTER_Exp,Pocillopora,16,0,0,8,15
KS,LTER_Exp,Pocillopora,30,0,0,8,15
KS,LTER_Exp,Pocillopora,7,0,0,8,15
KS,LTER_Exp,Pocillopora,14,0,0,8,15
KS,LTER_Exp,Acropora,30,0,0,8,15
KS,LTER_Exp,Pocillopora,31,0,90,8,15
KS,LTER_Exp,Pocillopora,14,0,0,8,15
KS,LTER_Exp,Pocillopora,22,0,0,8,15
KS,LTER_Exp,Pocillopora,27,0,0,8,15
KS,LTER_Exp,Acropora,34,0,100,8,15
KS,LTER_Exp,Pocillopora,34,0,100,8,15
KS,LTER_Exp,Pocillopora,17,0,0,8,15
KS,LTER_Exp,Pocillopora,15,0,50,8,15
KS,LTER_Exp,Pocillopora,10,0,0,8,15
KS,LTER_Exp,Pocillopora,19,0,95,8,15
KS,LTER_Exp,Pocillopora,19,0,0,8,15
KS,LTER_Exp,Pocillopora,16,0,0,8,15
KS,LTER_Exp,Pocillopora,14,0,0,8,15
KS,LTER_Exp,Pocillopora,15,0,0,8,15
KS,LTER_Exp,Pocillopora,30,0,80,8,15
KS,LTER_Exp,Pocillopora,25,0,0,8,15
KS,LTER_Exp,Pocillopora,24,0,0,8,15
KS,LTER_Exp,Pocillopora,23,0,0,8,15
KS,LTER_Exp,Pocillopora,20,0,0,8,15
KS,LTER_Exp,Pocillopora,18,0,0,8,15
KS,LTER_Exp,Pocillopora,18,0,10,8,15
KS,LTER_Exp,Pocillopora,16,0,0,8,15
KS,LTER_Exp,Pocillopora,17,0,0,8,15
KS,LTER_Exp,Pocillopora,30,0,100,8,15
KS,LTER_Exp,Pocillopora,37,0,100,8,15
KS,LTER_Exp,Pocillopora,16,0,0,8,15
KS,LTER_Exp,Pocillopora,17,0,0,8,15
KS,LTER_Exp,Pocillopora,10,0,0,8,15
KS,LTER_Exp,Pocillopora,15,0,30,8,15
KS,LTER_Exp,Pocillopora,30,0,100,8,15
KS,LTER_Exp,Acropora,9,0,0,8,15
KS,LTER_Exp,Acropora,27,0,100,8,15
KS,LTER_Exp,Pocillopora,28,0,60,8,15
KS,LTER_Exp,Pocillopora,22,0,0,8,15
KS,LTER_Exp,Pocillopora,17,0,0,8,15
KS,LTER_Exp,Pocillopora,17,0,100,8,15
KS,LTER_Exp,Pocillopora,40,0,100,8,15
KS,LTER_Exp,Pocillopora,36,0,100,8,15
KS,LTER_Exp,Pocillopora,17,0,100,8,15
KS,LTER_Exp,Pocillopora,20,0,100,8,15
KS,LTER_Exp,Pocillopora,43,0,60,8,15
KS,LTER_Exp,Pocillopora,17,0,0,8,15
KS,LTER_Exp,Pocillopora,23,0,100,8,15
KS,LTER_Exp,Pocillopora,10,0,0,8,15
KS,LTER_Exp,Pocillopora,10,0,0,8,15
KS,LTER_Exp,Pocillopora,16,0,0,8,15
KS,LTER_Exp,Pocillopora,19,0,100,8,15
KS,LTER_Exp,Pocillopora,25,0,95,8,15
KS,LTER_Exp,Pocillopora,16,0,0,8,15
KS,LTER_Exp,Pocillopora,36,0,60,8,15
KS,LTER_Exp,Pocillopora,27,0,0,8,15
KS,LTER_Exp,Pocillopora,16,0,0,8,15
KS,LTER_Exp,Pocillopora,30,0,0,8,15
KS,LTER_Exp,Pocillopora,23,0,0,8,15
KS,LTER_Exp,Acropora,27,0,100,8,15
KS,LTER_Exp,Pocillopora,19,0,100,8,15
KS,LTER_Exp,Pocillopora,30,0,65,8,15
KS,LTER_Exp,Pocillopora,30,0,100,8,15
KS,LTER_Exp,Pocillopora,27,0,100,8,15
KS,LTER_Exp,Pocillopora,21,0,0,8,15
KS,LTER_Exp,Pocillopora,16,0,0,8,15
KS,LTER_Exp,Pocillopora,22,0,0,8,15
KS,LTER_Exp,Pocillopora,15,0,0,8,15
KS,LTER_Exp,Pocillopora,18,0,0,8,15
KS,LTER_Exp,Pocillopora,13,0,0,8,15
KS,LTER_Exp,Pocillopora,52,0,70,9,5
KS,LTER_Exp,Pocillopora,32,0,0,9,5
KS,LTER_Exp,Pocillopora,20,0,5,9,5
KS,LTER_Exp,Pocillopora,13,0,0,9,5
KS,LTER_Exp,Pocillopora,15,0,0,9,5
KS,LTER_Exp,Pocillopora,15,0,0,9,5
KS,LTER_Exp,Pocillopora,17,0,0,9,5
KS,LTER_Exp,Pocillopora,15,0,0,9,5
KS,LTER_Exp,Pocillopora,22,0,0,9,5
KS,LTER_Exp,Pocillopora,45,0,100,9,5
KS,LTER_Exp,Pocillopora,29,0,100,9,5
KS,LTER_Exp,Pocillopora,20,0,0,9,5
KS,LTER_Exp,Pocillopora,26,0,60,9,5
KS,LTER_Exp,Pocillopora,32,0,100,9,5
KS,LTER_Exp,Pocillopora,35,0,100,9,5
KS,LTER_Exp,Pocillopora,25,0,0,9,5
KS,LTER_Exp,Pocillopora,22,0,0,9,5
KS,LTER_Exp,Pocillopora,38,0,100,9,5
KS,LTER_Exp,Pocillopora,21,0,0,9,5
KS,LTER_Exp,Pocillopora,16,0,0,9,5
KS,LTER_Exp,Pocillopora,17,0,0,9,5
KS,LTER_Exp,Pocillopora,21,0,0,9,5
KS,LTER_Exp,Acropora,26,0,100,9,5
KS,LTER_Exp,Pocillopora,18,0,0,9,5
KS,LTER_Exp,Pocillopora,25,0,0,9,5
KS,LTER_Exp,Acropora,28,0,100,9,5
KS,LTER_Exp,Pocillopora,17,0,0,9,5
KS,LTER_Exp,Pocillopora,15,0,0,9,5
KS,LTER_Exp,Pocillopora,24,0,70,9,5
KS,LTER_Exp,Pocillopora,25,0,0,9,5
KS,LTER_Exp,Pocillopora,30,0,100,9,5
KS,LTER_Exp,Pocillopora,12,0,0,9,5
KS,LTER_Exp,Pocillopora,15,0,0,9,5
KS,LTER_Exp,Pocillopora,36,0,15,9,5
KS,LTER_Exp,Pocillopora,18,0,0,9,5
KS,LTER_Exp,Pocillopora,43,0,100,9,5
KS,LTER_Exp,Pocillopora,19,0,0,9,5
KS,LTER_Exp,Pocillopora,19,0,0,9,5
KS,LTER_Exp,Pocillopora,15,0,0,9,5
KS,LTER_Exp,Pocillopora,20,0,10,9,5
KS,LTER_Exp,Pocillopora,39,0,95,9,5
KS,LTER_Exp,Pocillopora,33,0,10,9,5
KS,LTER_Exp,Pocillopora,31,0,0,9,5
KS,LTER_Exp,Pocillopora,17,0,20,9,5
KS,LTER_Exp,Pocillopora,15,0,60,9,5
KS,LTER_Exp,Pocillopora,16,0,5,9,5
KS,LTER_Exp,Pocillopora,15,0,0,9,5
KS,LTER_Exp,Pocillopora,21,0,0,9,5
KS,LTER_Exp,Acropora,6,0,0,9,5
KS,LTER_Exp,Pocillopora,30,0,0,9,5
KS,LTER_Exp,Pocillopora,24,0,100,9,5
KS,LTER_Exp,Pocillopora,24,0,100,9,5
KS,LTER_Exp,Pocillopora,16,0,5,9,5
KS,LTER_Exp,Pocillopora,47,0,100,9,5
KS,LTER_Exp,Pocillopora,17,0,0,9,5
KS,LTER_Exp,Pocillopora,30,0,0,9,5
KS,LTER_Exp,Pocillopora,14,0,0,9,5
KS,LTER_Exp,Pocillopora,35,0,100,9,5
KS,LTER_Exp,Pocillopora,13,0,0,9,5
KS,LTER_Exp,Pocillopora,20,0,0,9,5
KS,LTER_Exp,Pocillopora,20,0,0,9,5
KS,LTER_Exp,Pocillopora,15,0,0,9,5
KS,LTER_Exp,Pocillopora,12,0,0,9,5
KS,LTER_Exp,Pocillopora,7,0,0,9,5
KS,LTER_Exp,Pocillopora,19,0,0,9,5
KS,LTER_Exp,Pocillopora,22,0,100,9,5
KS,LTER_Exp,Pocillopora,22,0,100,9,5
KS,LTER_Exp,Pocillopora,25,0,60,9,5
KS,LTER_Exp,Pocillopora,15,0,0,9,5
KS,LTER_Exp,Pocillopora,47,0,100,9,5
